#,Player,Yr,Pos,Ht,GP,GS,Goals,Assists,Points,Shots,SHG,ENG,GWG,GTG,OT Goals,Shootout,PPG,PPA,Hat Tricks,FOs,FO won,FO lost,FO pct,Penalties,Pen. Min.,GameMisc,DQ,P-M,PShots,PSAtt,Plus,Minus
13,Sarah Waszkielewicz,So,D,5-11,23,0,,,0,9,,,,,,,,0,,2,1,1,0.5,2,4,,,-2,,,11,13
24,Quinn McLaren,So,D,5-11,31,18,10,9,19,55,,,1,,,,4,0,,1,0,1,0,6,23,1,,-13,,,29,42
8,Olivia Grabianowski,So,C,5-5,32,9,8,11,19,57,,,1,1,,,2,0,,452,236,216,0.522,3,6,,,-10,,,24,34
28,Karolina Sykorova,So,F,5-7,6,0,,,0,2,,,,,,,,0,,0,0,0,,1,2,,,-1,,,1,2
14,Morgan Neitzke,Jr,F,5-7,32,20,24,22,46,173,5,4,3,,,,3,0,1,23,4,19,0.174,10,20,,,-15,1,1,38,53
11,Sydney Rarick,Jr,F,5-6,32,10,3,6,9,69,,,,,,,1,0,,7,1,6,0.143,7,14,,,-23,,,17,40
25,Chloe Corbin,Sr,C,5-7,32,7,3,5,8,36,,,,,,,,0,,451,190,261,0.421,7,17,,,-11,,,15,26
16,Kaitlin Finnegan,Sr,F,5-4,31,6,3,8,11,42,,,,,,,1,0,,12,3,9,0.25,8,16,,,-15,,,16,31
22,Thea Jørgensen,Sr,D,5-9,24,13,4,8,12,58,,,1,,,,2,0,,2,1,1,0.5,5,13,,,-27,,,16,43
12,Sena Takenaka,Sr,D,5-3,7,2,1,3,4,9,1,1,,,,,,0,,1,0,1,0,2,4,,,-6,,,7,13
10,Sarah Dravis,Sr,F,5-2,29,2,,1,1,12,,,,,,,,0,,0,0,0,,5,13,,,-10,,,2,12
27,Brooke Pioske,Jr,D,5-7,31,6,,1,1,23,,,,,,,,0,,0,0,0,,8,16,,,-31,,,10,41
15,Sydney McAsh,Jr,D,5-7,9,0,,,0,,,,,,,,,0,,0,0,0,,,,,,-1,,,,1
4,Emma Hoen,So,F,5-7,31,4,,11,11,30,,,,,,,,0,,0,0,0,,2,4,,,-2,,,24,26
19,Molly Henderson,So,C,5-4,32,10,6,16,22,44,,,,,,,2,0,,327,166,161,0.508,2,4,,,-21,,,19,40
7,Sarah Davies,So,D,5-4,32,18,13,18,31,113,1,,2,,2,,7,0,,84,47,37,0.56,15,33,,,-17,,,34,51
23,Gretta Pioske,Fr,F,5-7,22,1,,,0,6,,,,,,,,0,,1,0,1,0,,,,,-9,,,,9
2,Rachel Goff,Sr,F,5-0,29,9,8,11,19,79,,,2,,,,1,0,,80,16,64,0.2,22,63,1,,-6,,,23,29
21,Sidney Jackel,Fr,F,5-10,31,6,5,5,10,60,,,1,,,,,0,,60,23,37,0.383,2,4,,,-22,,,15,37
17,Gigi Pora,Sr,C,5-8,26,12,8,5,13,64,,,,,,,4,0,,485,252,233,0.52,7,14,,,-15,,,22,37
20,Madilynn Hickey,Sr,F,5-6,28,4,,,0,8,,,,,,,,0,,37,13,24,0.351,7,14,,,-13,,,5,18
9,Lucie Quarto,Fr,D,5-7,13,3,,,0,6,,,,,,,,0,,0,0,0,,4,8,,,-7,,,4,11
20,Thea Johansson,So,F,5-7,36,12,19,11,30,138,,3,3,,,,,0,,1,0,1,0,13,37,1,,8,,,34,26
21,Riley Johnson,So,C,5-4,25,0,,,0,19,,,,,,,,0,,106,55,51,0.519,1,2,,,-4,,,,4
19,Jade Maisonneuve,So,F,5-4,17,0,,3,3,10,,,,,,,,0,,0,0,0,,1,2,,,-2,,,4,6
11,Makayla Javier,So,D,5-6,38,2,1,2,3,45,,,,,,,,0,,0,0,0,,11,22,,,-10,,,18,28
6,Sami Gendron,So,D,5-5,9,0,,2,2,5,,,,,,,,0,,0,0,0,,,,,,5,,,5,
3,Megan McKay,So,D,5-10,38,12,2,16,18,79,,,,,,,2,0,,0,0,0,,12,24,,,5,,1,35,30
24,Vanessa Upson,Jr,C,5-5,38,17,17,20,37,133,1,2,6,,,,5,0,,864,456,408,0.528,4,8,,,10,,,36,26
28,Kylee Mahoney,Jr,C,5-7,38,12,8,8,16,75,,,4,,,,2,0,,587,320,267,0.545,14,28,,,4,,,18,14
2,Sydney Wegner,Jr,F,5-7,6,0,,1,1,4,,,,,,,,0,,0,0,0,,2,4,,,2,,,2,
27,Mary Sweetapple,Jr,D,5-8,35,1,,5,5,13,,,,,,,,0,,0,0,0,,6,12,,,11,,,22,11
4,Grace Nelles,Sr,F,5-10,22,0,,1,1,19,,,,,,,,0,,42,23,19,0.548,2,4,,,-2,,,3,5
14,Sara Boucher,Sr,F,5-7,38,20,18,22,40,147,1,2,3,,,,4,0,1,33,9,24,0.273,16,32,,,5,,,35,30
18,Mary Kromer,Sr,F,5-6,37,11,1,6,7,49,,,,,,,,0,,2,2,0,1,6,15,,,-1,,,13,14
26,Chantal Ste-Croix,Sr,F,5-4,38,11,7,8,15,54,,,1,,,,2,0,,123,66,57,0.537,7,14,,,8,,,25,17
12,Marielle Parks,Jr,F,5-6,38,8,7,4,11,84,,,1,,,,2,0,,139,60,79,0.432,2,4,,,3,,,14,11
25,Sydney Pedersen,Jr,D,5-8,34,32,7,19,26,124,,1,1,,,,3,0,,0,0,0,,16,43,1,,4,,,29,25
5,Anna Barrington,Fr,D,5-4,1,0,,,0,,,,,,,,,0,,0,0,0,,,,,,,,,,
23,Sofia Skriver,Fr,F,5-4,24,1,,,0,10,,,,,,,,0,,0,0,0,,2,4,,,-7,,,3,10
22,Sofia Nuutinen,Fr,F,5-7,36,18,11,23,34,89,,,1,,,,4,0,,2,1,1,0.5,6,12,,,17,,,37,20
8,Sofia Ljung,Fr,F,5-7,38,26,4,11,15,39,,,,,,,2,0,,0,0,0,,4,8,,,8,,,34,26
10,Emmi Mourujarvi,Fr,D,5-7,34,0,,1,1,22,,,,,,,,0,,0,0,0,,1,2,,,6,,,14,8
16,Henlee Mahoney,Fr,F,5-7,22,0,2,4,6,13,,,,,,,,0,,0,0,0,,3,6,,,4,,,6,2
9,Olivia Cvar,Sr,C,5-8,37,7,8,13,21,77,,,,,,,3,0,,375,195,180,0.52,8,16,,,5,,,20,15
10,Leah Stecker,So,D,5-9,38,10,4,7,11,42,,,1,,,,,0,,2,0,2,0,13,29,,,18,,,32,14
17,Kendall Butze,So,D,5-3,38,15,4,11,15,79,1,1,1,,,,1,0,,1,1,0,1,3,6,,,11,,,32,21
22,Katelyn Roberts,So,F,5-7,38,20,13,15,28,111,,,2,,,,2,0,,15,5,10,0.333,6,12,,,19,,,32,13
5,Karley Garcia,Jr,D,5-7,38,14,2,10,12,50,,,,,,,1,0,,1,0,1,0,17,56,1,,14,,,33,19
3,Alyssa Machado,Sr,F,5-6,38,5,7,11,18,65,1,,1,2,,,,0,,0,0,0,,15,38,,,4,,,25,21
6,Carrie Byrnes,Sr,F,5-4,25,1,,1,1,8,,,,,,,,0,,0,0,0,,,,,,1,,,2,1
24,Lyndie Lobdell,Sr,D,5-7,38,14,9,11,20,77,,,2,,,,5,0,,0,0,0,,13,26,,,13,,,33,20
4,Maeve Connolly,Sr,F,5-4,37,3,,2,2,16,,,,,,,,0,,106,50,56,0.472,1,10,,,6,,,14,8
9,Lexi Bedier,Jr,F,5-8,38,4,2,9,11,38,,,1,,,,,0,,74,31,43,0.419,3,6,,,2,,,19,17
19,Mya Vaslet,Jr,C,5-9,38,7,16,10,26,96,,,2,,,,4,0,1,485,249,236,0.513,7,25,1,,7,,,23,16
15,Tessa Janecke,So,C,5-8,38,27,17,36,53,221,3,,3,,,,3,0,2,961,630,331,0.656,18,50,1,,27,,,45,18
26,Maddy Christian,So,F,5-7,38,5,5,6,11,77,,1,2,,,,1,0,,3,0,3,0,4,8,,,-3,,1,14,17
11,Alva Johnsson,Sr,D,6-0,38,2,3,4,7,37,,,,,,,,0,,15,10,5,0.667,4,8,,,6,,,14,8
21,Maggie MacEachern,Sr,D,5-6,38,19,6,13,19,104,,,2,,1,,1,0,,0,0,0,,4,8,,,18,,,35,17
16,Brianna Brooks,Sr,C,5-9,38,6,14,18,32,163,,1,2,,,,6,0,,545,324,221,0.594,4,8,,,7,,,22,15
18,Stella Retrum,Fr,F,5-7,36,21,11,12,23,108,,,1,,,,4,0,1,2,1,1,0.5,3,6,,,18,,,26,8
23,Karolina Hengelmüller,Fr,D,5-7,28,6,1,5,6,43,,,,,,,,0,,0,0,0,,1,2,,,-1,,,11,12
14,Julie Gough,Sr,F,5-8,32,11,7,10,17,92,,,2,,,,4,0,,4,1,3,0.25,5,10,,,5,,,23,18
4,Allyson Hebert,Sr,D,5-8,35,12,,7,7,19,,,,,,,,0,,0,0,0,,2,4,,,1,,,25,24
7,Wasyn Rice,Sr,D,5-7,32,9,1,2,3,24,,,,,,,,0,,0,0,0,,12,24,,,-9,,,17,26
15,Alyssa Rasmuson,Fr,F,5-10,28,1,,3,3,14,,,,,,,,0,,0,0,0,,,,,,-7,,,3,10
26,Morgan Giannone,So,F,5-6,35,7,9,9,18,123,1,1,2,,1,,1,0,,22,8,14,0.364,11,22,,,-11,,,19,30
16,Catriona Crarer,Fr,C,5-3,35,10,3,11,14,52,,,,,,,1,0,,556,245,311,0.441,10,20,,,-15,,,17,32
22,Lindsey Smolen,Fr,F,5-7,35,3,3,2,5,27,,,1,,,,,0,,55,26,29,0.473,6,12,,,-9,,,7,16
27,Chace Sperling,Sr,D,5-8,15,0,,,0,2,,,,,,,,0,,0,0,0,,1,2,,,-2,,,1,3
3,Gillian Thompson,Sr,D,5-9,32,4,1,8,9,42,,,,,,,,0,,0,0,0,,11,30,1,,-5,,,20,25
9,Calli Arnold,So,C,5-2,31,4,5,3,8,38,1,,1,,,,,0,,293,107,186,0.365,5,10,,,-5,,,12,17
10,Kaitlyn Schooley,Fr,D,5-7,35,14,1,9,10,26,,,,,,,,0,,0,0,0,,8,19,,,-6,,,25,31
11,Brynn Levinson,Fr,F,5-2,1,0,,,0,,,,,,,,,0,,0,0,0,,2,4,,,,,,,
21,Shailynn Snow,Sr,C,5-4,33,14,14,12,26,62,,1,1,,,,6,0,,166,88,78,0.53,21,50,,,-1,,,27,28
28,Janelle Evans,Fr,C,5-4,35,12,9,19,28,83,,,1,,1,,2,0,,217,66,151,0.304,3,6,,,11,,,36,25
19,Thalia D'Elia,Fr,D,5-4,35,12,3,9,12,43,,,1,,1,,1,0,,1,0,1,0,3,6,,,-3,,,22,25
20,Madison Primeau,Jr,C,5-11,27,10,7,5,12,49,,,2,,,,2,0,,152,82,70,0.539,20,59,1,,-2,,,16,18
23,Chloé Puddifant,Sr,D,5-9,35,19,1,21,22,42,,,,,,,,0,,1,0,1,0,11,22,,,-8,,,33,41
5,Alaina Giampietro,Fr,F,5-7,35,16,19,12,31,182,,1,4,,1,,3,0,,9,4,5,0.444,7,22,,,1,,,30,29
14,Laura Eustace,Fr,F,5-5,30,1,1,,1,26,,,,,,,,0,,1,0,1,0,8,16,,,-4,,,5,9
18,Jersey Phillips,Sr,C,5-3,35,7,6,5,11,59,1,,2,,,,,0,,502,207,295,0.412,5,16,,,-11,,,18,29
8,Mya Neugent,Sr,C,5-6,35,11,8,9,17,53,,,,1,,,2,0,,187,69,118,0.369,11,22,,,-11,,,19,30
17,Courtney Hall,Sr,F,5-8,29,9,3,13,16,53,,,,,,,1,0,,11,6,5,0.545,11,25,,,-7,,,14,21
20,Karly Kolssak,So,D,5-8,5,0,,,0,,,,,,,,,0,,1,0,1,0,1,2,,,-1,,,,1
26,Nicole Ness,Sr,F,5-7,35,1,9,3,12,84,,,1,,,,1,0,,1,0,1,0,4,8,,,4,,,19,15
18,Lexi Sung,So,C,5-7,34,0,2,6,8,45,,,1,,,,,0,,290,172,118,0.593,2,4,,,-5,,,13,18
9,Jordyn Bear,Jr,F,5-7,35,16,4,5,9,52,,,1,,,,2,0,,35,11,24,0.314,2,4,,,-7,,,10,17
21,Camryn Brownschidle,So,D,5-6,7,0,,3,3,4,,,,,,,,0,,0,0,0,,,,,,1,,,4,3
10,Ella Fesette,So,F,5-4,7,0,,,0,3,,,,,,,,0,,23,9,14,0.391,1,2,,,,,,,
7,Kyla Bear,Jr,D,5-7,35,1,3,7,10,54,,,1,,,,2,0,,0,0,0,,9,18,,,-4,,,25,29
3,Chloe McNeil,Sr,F,5-7,27,0,4,2,6,36,,,,,,,,0,,0,0,0,,1,2,,,-5,,,8,13
8,Lindsay Maloney,Sr,C,5-7,35,29,5,7,12,74,,1,,,,,1,0,,649,283,366,0.436,13,26,,,-2,,,14,16
11,Emma Roland,Sr,F,5-4,35,12,8,8,16,59,,,1,,1,,2,0,,4,3,1,0.75,1,10,,,-6,,,13,19
28,Mia Tsilemos,Sr,D,5-7,35,35,1,7,8,48,,,,,,,,0,,2,0,2,0,10,20,,,0,,,24,24
5,Bronwyn Khangsar,Jr,D,5-6,12,0,,,0,3,,,,,,,,0,,0,0,0,,1,2,,,-3,,,1,4
16,Megan McCormick,Jr,C,5-7,35,2,5,1,6,64,,,,,,,,0,,322,166,156,0.516,4,8,,,1,,,13,12
25,Addie Carr,Jr,D,5-9,29,0,2,1,3,25,,,,,,,,0,,0,0,0,,8,27,1,,-2,,,9,11
2,Bailey Kehl,Jr,D,5-3,35,0,,2,2,40,,,,,,,,0,,3,0,3,0,3,6,,,1,,,16,15
4,Jessie Burks,Jr,D,5-7,34,0,,10,10,45,,,,,,,,0,,0,0,0,,7,14,,,-5,,,16,21
14,Annie Burks,Jr,F,5-8,11,0,,,0,4,,,,,,,,0,,0,0,0,,,,,,-3,,,,3
23,Kylie Aquaro,Jr,F,5-4,34,4,10,16,26,52,,,3,,1,,5,0,,6,2,4,0.333,5,21,,1,4,,,25,21
6,Athena Vasdani,Jr,F,5-8,35,27,4,6,10,39,,1,2,,,,,0,,8,1,7,0.125,5,10,,,1,,,12,11
24,Linda Rulle,Fr,F,5-4,34,0,1,6,7,54,,,,,,,1,0,,44,29,15,0.659,2,4,,,-6,,,10,16
15,Jaidan Fahrny,So,C,5-3,35,6,6,7,13,72,,,2,,,,1,0,,485,222,263,0.458,7,14,,,-6,,,20,26
13,Addie Alvarez,Fr,F,5-5,35,8,8,12,20,80,,,1,1,1,,1,0,,4,2,2,0.5,11,22,,,-2,,,21,23
22,Emma Pickering,Fr,D,5-4,34,34,5,7,12,110,,,,,,,1,0,,1,0,1,0,8,27,,1,-2,,,22,24
27,Logan Marchese,Fr,F,5-3,3,0,,,0,3,,,,,,,,0,,0,0,0,,2,4,,,,,,,
13,Mik Todd,So,F,5-7,7,1,2,,2,12,,,,,,,,0,,0,0,0,,4,8,,,1,,,3,2
24,Gabby Dougherty,So,D,5-4,28,0,,1,1,5,,,,,,,,0,,0,0,0,,,,,,-7,,,3,10
7,Maya D'Arcy,So,D,5-5,34,4,1,6,7,48,,,,,,,,0,,8,1,7,0.125,13,26,,,-14,,,18,32
22,Charlotte Hallett,So,D,6-0,30,0,1,2,3,12,,,1,,,,,0,,1,0,1,0,14,39,1,,-11,,,6,17
27,Heidi Knoll,So,F,5-5,34,0,5,,5,56,,,1,,,,,0,,2,0,2,0,10,20,,,-21,,,7,28
10,Erin Brousseau,Jr,F,5-8,24,0,,,0,1,,,,,,,,0,,0,0,0,,2,4,,,-6,,,1,7
9,Kambel Beacom,Sr,D,5-4,28,9,1,2,3,23,,,,,,,,0,,0,0,0,,3,6,,,-23,,,8,31
18,Tatum White,Sr,C,5-10,34,29,6,14,20,89,1,1,,1,,1,2,0,,753,391,362,0.519,19,38,,,-10,,,22,32
11,Sarah Thompson,Sr,C,5-6,34,4,9,4,13,67,1,1,1,,,,3,0,,325,140,185,0.431,1,5,,,-31,,,16,47
16,Rayla Clemons,Sr,F,5-2,22,4,1,2,3,28,1,,,,,,,0,,3,2,1,0.667,1,2,,,-9,,,9,18
3,Kate Holmes,Sr,C,5-2,34,20,9,12,21,64,,,1,,,,2,0,,226,110,116,0.487,6,12,,,-19,,,25,44
12,Kailey Langefels,Sr,D,5-5,34,6,2,6,8,40,,,,,,,1,0,,0,0,0,,6,15,,,-32,,,18,50
17,Haley Trudeau,Fr,F,5-4,33,2,2,,2,21,,,1,,,,,0,,0,0,0,,3,6,,,-22,,,4,26
4,Alexandria Weiss,Sr,D,5-6,34,25,4,16,20,70,,,,,,,3,0,,0,0,0,,3,6,,,-15,,,21,36
20,Rachel Teslak,Sr,D,5-6,30,23,8,14,22,103,1,,,1,,1,3,0,,0,0,0,,11,22,,,-6,,,23,29
21,Nea Tervonen,Fr,C,5-3,34,8,3,4,7,42,,,,,,,1,0,,353,169,184,0.479,2,4,,,-25,,,9,34
8,Jocelyn Fiala,Fr,D,5-8,34,3,,2,2,14,,,,,,,,0,,1,0,1,0,12,24,,,-13,,,8,21
19,Darci Johal,Sr,F,5-8,34,28,13,11,24,94,2,1,2,,,,4,0,,4,2,2,0.5,3,6,,,-10,,,25,35
26,Haley Uliasz,Sr,F,5-9,31,1,,,0,13,,,,,,,,0,,5,2,3,0.4,3,6,,,-6,,,1,7
23,Marielle McHale,Sr,C,5-11,34,3,,3,3,30,,,,,,,,0,,310,106,204,0.342,14,28,,,-18,,,8,26
11,Miranda Calderone,Fr,D,5-4,32,20,,4,4,11,,,,,,,,0,,0,0,0,,4,8,,,-5,,,15,20
9,Gali Levy,So,F,5-3,31,5,2,3,5,39,,,,,,,1,0,,1,0,1,0,3,6,,,-11,,,6,17
20,Shauna Vadeboncoeur,Fr,F,5-6,8,0,,,0,,,,,,,,,0,,11,1,10,0.091,,,,,1,,,1,
7,Sam Broz,Fr,C,5-8,32,6,6,9,15,53,,2,1,,,,2,0,,457,228,229,0.499,5,10,,,-3,,,16,19
3,Ava DeCoste,Fr,F,5-6,32,15,5,11,16,26,,,,,,,,0,,1,1,0,1,2,4,,,-1,,,23,24
18,Margot Norehad,Fr,F,5-3,27,7,7,6,13,64,,1,2,,,,1,0,,0,0,0,,2,4,,,-7,,,12,19
17,Elodie Roy,Fr,D,5-4,31,2,1,3,4,23,,,,,,,,0,,0,0,0,,8,22,,,-9,,,14,23
21,Jade Iginla,So,C,5-7,32,16,16,11,27,99,,2,2,1,,,3,0,1,599,282,317,0.471,6,12,,,-4,,,31,35
26,India McDadi,So,F,5-4,32,13,9,15,24,92,1,,3,,1,,,0,,12,5,7,0.417,7,14,,,1,,,27,26
5,Ellie Gauvin,So,D,5-8,25,11,2,4,6,25,,,1,,,,1,0,,0,0,0,,2,4,,,-7,,,9,16
25,Olivia Williamson,Sr,F,5-10,27,1,1,,1,9,,,,,,,,0,,0,0,0,,1,2,,,-4,,,2,6
4,Anna Shelden,Sr,C,5-4,32,13,2,3,5,29,,,,,,,1,0,,167,99,68,0.593,1,2,,,-12,,,5,17
6,Maya Mangiafico,Sr,C,5-6,32,11,3,4,7,38,,,2,,,,,0,,381,179,202,0.47,8,27,,,-9,,,9,18
12,Paige Gross,Jr,F,5-8,13,0,,,0,1,,,,,,,,0,,0,0,0,,,,,,-2,,,,2
23,Cameron Sikich,Jr,D,5-5,32,16,1,10,11,75,,,,,,,1,0,,0,0,0,,4,8,,,-7,,,24,31
28,Lily Lacey,Sr,F,5-2,16,1,,,0,2,,,,,,,,0,,0,0,0,,1,2,,,-2,,,,2
2,Cassidy Piersiak,Sr,D,5-7,32,10,3,4,7,35,,,,,,,,0,,0,0,0,,7,14,,,-2,,,19,21
8,Meadow Carman,Sr,D,5-10,30,3,,5,5,29,,,,,,,,0,,0,0,0,,7,14,,,-3,,,10,13
10,Abby Hancock,Jr,D,5-7,12,0,,,0,4,,,,,,,,0,,0,0,0,,,,,,-2,,,3,5
19,Anna Gallagher,Sr,F,5-2,23,4,1,3,4,25,,,,,,,1,0,,1,1,0,1,,,,,-1,,,9,10
16,Maddie Morgan,So,F,5-5,15,1,,,0,,,,,,,,,0,,0,0,0,,3,6,,,-3,,,5,8
24,Jess Ciarrocchi,Jr,F,5-4,31,5,2,2,4,21,,,1,,1,,1,0,,0,0,0,,,,,,-5,,,3,8
13,Sara Swiderski,So,D,5-9,38,2,2,8,10,92,,,1,,,,,0,,0,0,0,,12,24,,,23,,,35,12
25,Sena Catterall,So,F,5-5,36,2,14,7,21,58,1,2,4,,,,2,0,1,18,7,11,0.389,8,16,,,17,,,30,13
18,Gretchen Branton,Jr,F,5-5,7,0,,,0,,,,,,,,,0,,0,0,0,,,,,,0,,,1,1
7,Andie Proulx,Jr,D,5-8,23,0,2,1,3,14,,,,,,,,0,,0,0,0,,1,2,,,5,,,7,2
10,Baylee Kirwan,Jr,F,5-4,37,0,1,5,6,32,,,,,,,,0,,0,0,0,,6,12,,,4,,,14,10
15,Laurence Frenette,Jr,F,5-7,37,1,5,2,7,23,,,1,,,,,0,,0,0,0,,2,4,,,5,,,13,8
24,Anne Cherkowski,Sr,F,5-6,40,38,15,19,34,140,,,3,,,,5,0,,14,5,9,0.357,4,8,,,30,,,38,8
12,Jenna Goodwin,Jr,C,5-5,40,1,7,14,21,94,,,1,,,,,0,,627,352,275,0.561,4,8,,,21,,,31,10
21,Nicole Gosling,Sr,D,5-7,40,38,14,25,39,152,,,5,1,2,,9,0,,1,0,1,0,10,20,,,24,,,41,17
14,Jaden Bogden,Sr,F,5-10,40,0,6,6,12,73,1,,,,,,,0,,1,1,0,1,12,24,,,6,,,17,11
17,Kirstyn McQuigge,Sr,C,5-7,38,0,,9,9,23,,,,,,,,0,,295,150,145,0.508,5,10,,,6,,,15,9
4,Haley Winn,Jr,D,5-5,38,35,10,29,39,128,,,1,1,,,4,0,,0,0,0,,6,12,,,23,,,44,21
8,Bridget Stevenson,Fr,C,5-6,33,0,2,3,5,18,,,,,,,,0,,134,66,68,0.493,6,12,,,10,,,11,1
22,Rebecca Morissette,Fr,F,5-8,34,0,4,3,7,22,,,,,,,,0,,1,0,1,0,2,4,,,5,,,10,5
28,Shelby Laidlaw,Fr,C,5-8,35,1,1,5,6,15,,,1,,,,,0,,189,103,86,0.545,2,4,,,2,,,10,8
19,Alexie Guay,Sr,D,5-6,39,3,6,17,23,104,,,3,,1,1,3,0,,1,1,0,1,1,2,,,10,,,31,21
9,Rhea Hicks,So,F,5-5,12,0,,1,1,3,,,,,,,,0,,19,6,13,0.316,,,,,3,,,3,
26,Brooke McQuigge,Sr,C,5-8,40,37,13,20,33,94,,,4,,,,5,0,,238,141,97,0.592,14,50,2,,26,,,36,10
27,Darcie Lappan,Sr,F,5-7,40,2,13,19,32,109,1,1,3,,,,3,0,1,2,1,1,0.5,1,2,,,18,,,35,17
29,Dominique Petrie,Sr,C,5-7,40,38,15,20,35,114,,3,4,,1,,2,0,,785,458,327,0.583,13,26,,,24,,,38,14
3,Keira Hurry,Fr,D,5-9,40,2,5,11,16,95,,,2,,,,3,0,,0,0,0,,15,30,,,20,,,31,11
7,Abby Thibodeau,Fr,D,5-5,16,0,,2,2,7,,,,,,,,0,,0,0,0,,,,,,6,,,6,
10,Beatrice Perron-Roy,Fr,F,5-5,32,0,,2,2,18,,,,,,,,0,,88,39,49,0.443,,,,,4,,,5,1
26,Katie Chan,So,F,5-2,16,15,9,10,19,45,,,1,,,,2,0,,6,4,2,0.667,3,6,,,11,,,19,8
3,Piper Grober,Fr,D,5-7,31,3,3,8,11,49,,,2,,,,,0,,0,0,0,,3,6,,,16,,,31,15
19,Karel Prefontaine,Fr,F,5-4,34,17,11,13,24,88,,,3,,1,,2,0,1,1,0,1,0,5,10,,,11,,,31,20
17,Mckenna Van Gelder,So,C,5-7,34,1,8,9,17,62,,,,,,,3,0,,530,282,248,0.532,1,2,,,17,,,29,12
6,Alyssa Regalado,So,D,5-7,34,12,1,9,10,76,,,,,,,,0,,0,0,0,,10,20,,,16,,,36,20
4,Grace Dwyer,So,D,5-8,34,21,8,16,24,88,,,3,,,,2,0,,1,0,1,0,19,41,,,14,,,34,20
13,Sarah MacEachern,So,D,5-8,29,0,,2,2,10,,,,,,,,0,,0,0,0,,1,5,,,11,,,16,5
28,Caroline Chan,So,F,5-6,13,0,,1,1,7,,,,,,,,0,,0,0,0,,1,2,,,0,,,3,3
2,Georgia Schiff,So,F,5-9,32,1,8,7,15,32,,2,2,,,,,0,,12,5,7,0.417,3,6,,,13,,,22,9
15,Avi Adam,So,F,5-9,34,0,12,5,17,83,,,,,,,2,0,,14,10,4,0.714,12,24,,,5,,,17,12
25,Claudia Yu,Jr,C,5-5,34,0,3,7,10,21,,,1,,,,,0,,355,195,160,0.549,2,4,,,4,,,15,11
23,Angela Huo,Jr,F,5-3,5,0,,,0,1,,,,,,,,0,,0,0,0,,,,,,,,,,
14,Gabbie Rud,Jr,C,5-8,34,0,4,15,19,55,1,,1,,,,,0,,139,69,70,0.496,5,13,,,10,,,24,14
20,Kaitlin Jockims,Jr,F,5-10,34,1,13,12,25,52,3,,4,,,,3,0,1,58,22,36,0.379,8,16,,,15,,,30,15
21,Lily Delianedis,Jr,C,5-4,34,33,16,18,34,114,,,4,,2,,4,0,,799,418,381,0.523,10,20,,,22,,,51,29
22,Alexa Davis,Jr,D,5-7,22,0,,3,3,10,,,,,,,,0,,1,1,0,1,1,2,,,0,,,6,6
5,Rory Guilday,Jr,D,5-11,32,20,6,11,17,82,,,1,,,,1,0,,1,1,0,1,9,18,,,21,,,35,14
12,Izzy Daniel,Sr,F,5-5,34,33,21,38,59,100,2,3,2,1,1,,2,0,,19,7,12,0.368,5,10,,,29,,1,54,25
18,Abby Ruggiero,Sr,F,5-4,4,1,,,0,1,,,,,,,,0,,0,0,0,,,,,,,,,,
8,Ashley Messier,Jr,D,5-3,34,12,2,12,14,52,1,,1,,,,1,0,,0,0,0,,6,12,,,16,,,38,22
9,Leah MacSween,Jr,F,5-8,1,0,,,0,2,,,,,,,,0,,0,0,0,,,,,,,,,,
4,Mia Buonarosa,Fr,F,5-4,28,9,2,4,6,39,,,,,,,,0,,5,0,5,0,4,8,,,-16,,,8,24
8,Hamilton Doster,Fr,F,5-3,30,7,5,1,6,45,,,1,,,,,0,,67,20,47,0.299,,,,,-17,,,10,27
10,Shae Messner,So,F,5-7,30,6,7,7,14,47,,1,,,,,2,0,,5,0,5,0,11,25,,,-10,,,14,24
5,Izee Powell,So,D,5-4,30,14,6,9,15,79,,,1,,,,4,0,,0,0,0,,9,21,,,-21,,,13,34
2,Cally Dixon,So,F,5-7,30,12,10,7,17,48,,1,,,,,5,0,,30,9,21,0.3,6,12,,,-13,,,16,29
18,Maura Fiorenza,So,D,5-10,30,2,,3,3,16,,,,,,,,0,,0,0,0,,9,18,,,-20,,,9,29
21,Vanessa Stamper,So,F,5-3,29,7,2,4,6,18,,,1,,,,,0,,45,11,34,0.244,1,2,,,-14,,,8,22
25,Meredith Jensen,So,F,5-8,30,0,2,3,5,24,,,1,,,,,0,,3,1,2,0.333,6,12,,,-16,,,8,24
20,Caroline Appleyard,Jr,C,5-6,29,0,1,5,6,26,,,,,,,,0,,138,63,75,0.457,1,2,,,-14,,,7,21
3,Kenzie Bachelor,Jr,D,5-10,30,2,3,14,17,90,,,,,,,1,0,,0,0,0,,14,39,1,,-23,,,18,41
9,Laura Fuoco,Jr,C,5-11,30,16,8,12,20,81,,,,,,,3,0,,584,284,300,0.486,5,10,,,-10,,,16,26
14,Lauren Messier,Jr,C,5-5,30,8,5,7,12,45,,,,,,,2,0,,386,210,176,0.544,6,12,,,-16,,,13,29
26,Tiffany Hill,Sr,C,5-5,30,9,4,3,7,57,,,,1,,,2,0,,294,109,185,0.371,6,15,,,-23,,,7,30
6,Sophie Robinson,Sr,D,5-9,30,18,1,,1,42,1,,,,,,,0,,2,0,2,0,3,6,,,-16,,,13,29
12,Jenna Donohue,Sr,F,5-8,30,16,7,15,22,69,,,2,,,,1,0,,3,2,1,0.667,12,24,,,-11,1,1,14,25
27,Annie King,Sr,D,5-5,30,11,1,4,5,28,,,,,,,,0,,0,0,0,,6,12,,,-17,,,16,33
11,Dayton O'Donoghue,Fr,F,5-3,30,0,,1,1,21,,,,,,,,0,,6,0,6,0,3,6,,,-20,,,4,24
16,Anne Averill,Fr,D,5-10,30,13,,3,3,27,,,,,,,,0,,0,0,0,,4,8,,,-19,,,14,33
22,Sydney Vandenberg,Fr,F,5-6,14,0,,1,1,3,,,,,,,,0,,6,1,5,0.167,1,2,,,-8,,,1,9
28,Olivia Paidosh,Fr,D,5-7,15,0,,2,2,4,,,,,,,,0,,0,0,0,,1,2,,,-1,,,3,4
9,Gwynn Lapp,So,C,5-8,30,15,11,4,15,72,,,2,,1,,5,0,,508,219,289,0.431,8,16,,,-16,,,14,30
21,Kate Kasica,So,D,5-7,29,2,,3,3,9,,,,,,,,0,,0,0,0,,9,18,,,-12,,,9,21
15,Sophie Ensley,So,F,5-6,30,15,3,4,7,48,1,,,,,,,0,,4,0,4,0,8,16,,,-11,,,10,21
2,Jenna MacDonald,Jr,D,5-11,30,2,1,4,5,31,,,,,,,,0,,0,0,0,,9,18,,,-28,,,8,36
13,Eva Dorr,Jr,C,5-10,30,1,2,3,5,23,,,,,,,1,0,,299,132,167,0.441,7,14,,,-22,,,4,26
7,Rose O'Connor,Jr,D,5-10,23,2,,1,1,4,,,,,,,,0,,0,0,0,,2,4,,,-16,,,4,20
17,Ellie Bayard,Jr,F,5-6,29,13,1,5,6,30,,,,,,,,0,,1,1,0,1,7,14,,,-16,,,8,24
5,Kayley Crawford,Jr,F,5-4,29,0,2,4,6,15,,,1,,,,,0,,0,0,0,,,,,,-18,,,7,25
14,Eleanor Winges,Jr,D,5-10,10,0,,,0,,,,,,,,,0,,0,0,0,,,,,,,,,,
26,Gabi Davidson Adams,Jr,F,5-7,30,11,4,3,7,46,,,,,,1,1,0,,15,9,6,0.6,1,2,,,-17,,,7,24
4,Mia Biotti,Jr,D,6-0,30,27,1,7,8,46,,,,,,,,0,,0,0,0,,4,8,,,-19,,,9,28
18,Hannah Chorske,Jr,C,5-10,30,3,,3,3,26,,,,,,,,0,,180,77,103,0.428,3,6,,,-18,,,3,21
8,Paige Lester,Jr,F,5-6,15,7,2,1,3,40,,,2,,,,,0,,6,3,3,0.5,3,6,,,-11,,,3,14
22,Shannon Hollands,Sr,C,5-7,28,12,3,6,9,52,,,,,,,1,0,,494,214,280,0.433,23,49,,,-12,,,7,19
20,Annie Sun,Fr,D,5-7,15,1,,,0,8,,,,,,,,0,,0,0,0,,3,6,,,-7,,,3,10
3,Kaley MacDonald,Fr,D,5-6,30,2,3,4,7,26,,,,,,,1,0,,0,0,0,,1,2,,,-18,,,8,26
10,Angelica Megdanis,Fr,F,5-7,28,4,,1,1,42,,,,,,,,0,,10,5,5,0.5,2,4,,,-16,,,1,17
12,Zoe Boosamra,Fr,F,5-7,27,5,1,5,6,24,,,,,,,,0,,0,0,0,,3,6,,,-6,,,8,14
19,Brooke Manning,Fr,F,5-3,24,3,1,3,4,34,,,,,,,,0,,0,0,0,,5,10,,,-20,,,4,24
23,Maria Pape,Fr,D,5-7,30,25,3,1,4,45,,,,,,,3,0,,0,0,0,,7,14,,,-20,,,8,28
18,Issy Wunder,So,F,5-11,32,19,8,27,35,121,,,,1,,,4,0,,0,0,0,,8,19,,,10,,,34,24
28,Katherine Khramtsov,So,F,5-5,20,3,2,5,7,32,,,1,,,,,0,,0,0,0,,,,,,1,,,9,8
10,Emerson O'Leary,So,C,5-7,32,16,7,25,32,87,,,1,,,,1,0,,575,326,249,0.567,10,20,,,12,,,32,20
11,Jane Kuehl,So,F,5-6,32,7,7,7,14,53,1,,1,,,,,0,,53,27,26,0.509,,,,,7,,,23,16
5,Emma Dornseif,Jr,D,5-7,25,0,2,4,6,21,,,1,,,,,0,,0,0,0,,3,9,,,2,,,11,9
19,Sarah Paul,So,F,5-8,32,9,16,7,23,127,,,5,,,,7,0,,0,0,0,,6,15,,,0,,,17,17
4,Mia Coene,Jr,F,5-5,27,5,1,3,4,30,,,,,,,,0,,98,36,62,0.367,2,4,,,0,,,11,11
25,Dominique Cormier,Jr,D,5-7,32,17,,8,8,54,,,,,,,,0,,0,0,0,,15,30,,,3,,,22,19
17,Daniella Calabrese,Sr,F,5-6,28,2,1,,1,19,,,,,,,,0,,19,6,13,0.316,1,2,,,-4,,,4,8
21,Emma Kee,Sr,F,5-2,29,2,2,2,4,36,,,,,,,,0,,1,0,1,0,2,4,,,1,,,7,6
3,Kate Monihan,Sr,D,5-5,28,11,1,7,8,33,,,,,,,,0,,0,0,0,,8,16,,,5,,,19,14
7,Stefanie Wallace,Sr,D,5-10,29,7,2,7,9,51,,,1,,,,1,0,,0,0,0,,9,21,,,3,,,25,22
9,Annie Kuehl,Sr,C,5-7,32,9,6,10,16,83,,,1,1,,,,0,,440,234,206,0.532,11,39,1,,6,,,22,16
15,Catherine Kerin,Sr,C,5-5,31,3,,2,2,18,,,,,,,,0,,218,97,121,0.445,8,27,1,,-3,,,2,5
13,Grace Kuipers,Jr,F,5-5,14,0,,,0,3,,,,,,,,0,,8,3,5,0.375,3,6,,,-1,,,,1
23,Ellie Marcovsky,Jr,F,5-3,1,0,,,0,,,,,,,,,0,,0,0,0,,,,,,,,,,
16,Sarah Fillier,Sr,C,5-5,29,21,30,13,43,187,1,2,2,,,,8,0,3,293,197,96,0.672,13,26,,,10,,,31,21
22,Callista Chong,Fr,F,5-5,9,0,1,,1,4,,,,,,,,0,,0,0,0,,1,2,,,1,,,1,
12,Teja Gatfield,Fr,D,5-6,25,3,,3,3,14,,,,,,,,0,,0,0,0,,4,8,,,6,,,13,7
8,Maggie Johnson,Fr,D,5-7,32,7,2,3,5,21,,,,,,,2,0,,43,20,23,0.465,4,8,,,0,,,16,16
2,Gabby Kim,Fr,D,5-7,32,19,3,10,13,25,,,1,,,,1,0,,1,0,1,0,4,8,,,9,,,27,18
27,Ani Kozak,Fr,F,5-9,14,0,,,0,11,,,,,,,,0,,0,0,0,,1,2,,,0,,,1,1
6,Wallis York,Fr,F,5-9,3,0,,2,2,5,,,,,,,,0,,0,0,0,,,,,,0,,,1,1
2,Zoe Uens,So,D,5-9,37,0,1,10,11,43,,,,,,,,0,,0,0,0,,15,30,,,18,,,35,17
26,Tiana McIntyre,So,D,5-8,26,0,,2,2,13,,,,,,,,0,,0,0,0,,5,10,,,6,,,10,4
28,Madison Chantler,So,F,5-5,37,20,9,8,17,68,1,,1,,,,1,0,,0,0,0,,4,8,,,11,,,28,17
13,Sami Bowlby,So,F,5-7,17,0,,1,1,6,,,,,,,,0,,0,0,0,,,,,,0,,,2,2
11,Veronica Bac,Jr,F,5-4,35,0,7,4,11,38,,,3,,,,,0,,0,0,0,,,,,,8,,,15,7
27,Maya Labad,Jr,F,5-7,32,18,13,14,27,120,,1,2,,,,6,0,,0,0,0,,7,20,,,14,,,31,17
4,Kendall Cooper,Sr,D,5-8,37,37,11,22,33,110,1,1,2,,,,2,0,,0,0,0,,4,8,,,14,,1,42,28
25,Nina Steigauf,Sr,F,5-5,37,1,16,16,32,88,,2,4,,1,,1,0,,141,68,73,0.482,6,12,,,19,,,38,19
21,Kate Villeneuve,Sr,F,5-7,28,0,,3,3,26,,,,,,,,0,,9,6,3,0.667,2,4,,,4,,,5,1
7,Maddy Samoskevich,Sr,D,5-5,37,37,2,20,22,79,,,,,,,1,0,,0,0,0,,8,16,,,18,,,44,26
24,Sophie Urban,Sr,C,5-5,37,2,2,9,11,43,,,,,,,,0,,541,254,287,0.47,4,8,,,12,,,26,14
18,Mia Lopata,Jr,D,5-9,37,0,1,6,7,35,,,,,,,,0,,0,0,0,,5,10,,,15,,,27,12
19,Mallory Mauracher,Jr,F,5-7,6,0,1,,1,2,,,,,,,,0,,0,0,0,,,,,,1,,,1,
5,Kate Reilly,Sr,D,5-7,37,0,10,29,39,80,,,3,,,,4,0,,0,0,0,,9,18,,,20,,,50,30
9,Alexa Hoskin,Sr,F,5-8,18,4,6,4,10,34,,,,,,,2,0,,71,28,43,0.394,4,8,,,5,,,12,7
8,Kahlen Lamarche,Fr,F,5-6,37,30,11,23,34,119,,,1,,,,1,0,,0,0,0,,7,14,,,19,,,40,21
12,Emerson Jarvis,So,F,5-4,28,0,7,1,8,47,,1,1,,,,1,0,,0,0,0,,3,6,,,0,,,13,13
16,Julia Nearis,Sr,F,5-9,35,3,12,12,24,44,,,2,,,,2,0,,47,21,26,0.447,3,6,,,16,,,35,19
17,Brynne West,Fr,D,5-9,20,0,,,0,3,,,,,,,,0,,0,0,0,,1,2,,,4,,,5,1
23,Sadie Peart,Sr,C,5-7,37,32,15,16,31,74,,1,4,1,1,,5,0,1,914,503,411,0.55,6,12,,,14,,,38,24
10,Jess Schryver,Sr,C,5-7,34,1,10,14,24,60,,2,2,,1,,,0,,429,222,207,0.517,3,6,,,16,,,37,21
6,Sophia Jones,So,D,5-3,26,3,,6,6,11,,,,,,,,0,,0,0,0,,5,10,,,1,,,15,14
14,Sabrina Beaudoin,So,C,5-8,35,1,2,11,13,24,,,,,,,,0,,457,240,217,0.525,3,9,,,5,,,17,12
15,Kyley Toye,So,F,5-8,4,0,,,0,4,,,,,,,,0,,0,0,0,,1,2,,,-1,,,,1
17,Nina Christof,So,F,5-4,35,4,7,4,11,81,1,,2,,,,1,0,,1,0,1,0,12,24,,,-4,,,13,17
8,Mika Jahnke,Jr,F,5-2,5,0,1,,1,8,,,,,,,,0,,0,0,0,,1,2,,,0,,,1,1
2,Michelle Nutescu,Jr,D,5-7,23,0,1,2,3,15,,,1,,,,,0,,0,0,0,,1,2,,,5,,,9,4
16,Meagan Byrum,Sr,F,5-7,10,1,1,,1,8,,,,,,,,0,,8,4,4,0.5,,,,,-1,,,1,2
28,Maddy Papineau,Sr,F,5-7,30,14,6,6,12,71,,,1,,,,1,0,,15,5,10,0.333,2,7,,,7,,,21,14
12,Audrey McCutcheon,Jr,F,5-4,25,2,,2,2,16,,,,,,,,0,,1,1,0,1,1,2,,,-3,,,6,9
10,Ellie Kaiser,Sr,F,5-6,35,28,10,11,21,96,,1,1,,,,1,0,,0,0,0,,8,16,,,-4,,,23,27
13,Taylor Larsen,Sr,D,5-8,33,21,3,6,9,45,,,,,,,3,0,,0,0,0,,5,10,,,4,,,20,16
33,Riena Jahnke,Sr,F,5-3,14,0,1,2,3,13,,,,,,,,0,,0,0,0,,1,2,,,-2,,,4,6
9,Magdalena Erbenova,Sr,D,5-5,11,3,1,2,3,14,,,,,,,,0,,0,0,0,,4,8,,,-1,,,7,8
22,Meg Hildner,Jr,F,5-5,14,0,,,0,8,,,,,,,,0,,9,6,3,0.667,4,8,,,-1,,,2,3
7,Nyah Philip,Sr,F,5-4,35,4,9,7,16,43,,,3,1,1,,,0,,0,0,0,,2,4,,,9,,,18,9
19,Asiah Taylor-Walters,Sr,F,5-4,27,4,2,6,8,26,,,,,,,,0,,2,2,0,1,5,10,,,6,,,14,8
89,Andrea Trnkova,Fr,D,5-9,30,14,5,17,22,71,,1,,1,,,1,0,,1,1,0,1,21,42,,,9,,,27,18
23,Aylah Cioffi,Fr,F,5-5,30,9,9,9,18,82,,,1,1,,,2,0,,0,0,0,,6,12,,,3,,,13,10
29,Marah Wagner,Sr,C,5-4,35,28,6,15,21,72,,,,,,,3,0,,754,441,313,0.585,3,9,,,-4,,,20,24
18,Georgia Bailey,Fr,C,5-8,35,3,2,6,8,39,,,1,,,1,,0,,262,136,126,0.519,2,4,,,-3,,,12,15
21,Isabelle Hardy,Sr,C,5-6,33,3,8,6,14,55,,,2,,1,,2,0,,317,163,154,0.514,3,9,,,4,,,18,14
24,Taryn Rathwell,Fr,D,5-4,32,14,,4,4,23,,,,,,,,0,,1,0,1,0,4,8,,,-3,,,13,16
5,Taylor Zahirnyi,Sr,D,5-5,30,8,1,1,2,26,,,,,,,,0,,1,1,0,1,4,8,,,-3,,,14,17
11,MJ Alexander,Sr,D,5-8,35,7,,8,8,42,,,,,,,,0,,0,0,0,,2,4,,,2,,,22,20
91,Morgann Skoda,Fr,F,5-10,30,4,6,5,11,45,,,1,,,,2,0,,1,0,1,0,7,14,,,3,,,13,10
7,Kiley Mastel,So,D,5-10,38,1,1,2,3,43,,,,,,,1,0,,9,5,4,0.556,8,16,,,-5,,,6,11
51,Anna Segedi,Sr,C,5-5,39,21,18,21,39,93,,1,6,,2,,6,0,,847,467,380,0.551,7,14,,,15,,,39,24
88,Julia Gosling,Sr,C,5-11,37,15,22,29,51,209,1,3,7,,,,9,0,,577,312,265,0.541,9,29,1,,11,,,38,27
12,Gemma DiMento,Jr,F,5-7,3,0,,,0,,,,,,,,,0,,1,1,0,1,,,,,,,,,
19,Taylor Lum,Jr,F,5-3,39,12,4,18,22,70,,,,,,,1,0,,61,28,33,0.459,,,,,2,,,27,25
4,Kennedy Wilson,So,C,5-5,39,9,5,,5,53,,,,,,,,0,,168,76,92,0.452,10,20,,,-6,,,12,18
11,Katina Duscio,So,D,5-8,39,19,4,11,15,72,,,2,,,,,0,,0,0,0,,4,8,,,10,,,35,25
74,Abby Hustler,Jr,F,5-9,39,20,24,31,55,154,,,5,,1,,12,0,2,5,0,5,0,12,24,,,18,,,46,28
6,Hillary Sterling,Jr,F,5-4,36,2,,3,3,19,,,,,,,,0,,87,37,50,0.425,4,8,,,1,,,8,7
2,Melissa Jefferies,Sr,D,5-8,39,20,4,6,10,75,,,3,,,,,0,,4,1,3,0.25,11,22,,,7,,,37,30
3,Suyeon Eom,Sr,D,5-2,35,1,1,,1,8,,,,,,,,0,,79,18,61,0.228,1,2,,,-5,,,2,7
20,Gabi Jones,Sr,F,5-8,37,3,2,1,3,20,,,,,,,,0,,5,0,5,0,5,10,,,-4,,,7,11
24,Aly McLeod,Sr,C,5-3,39,14,11,14,25,76,,,1,,,,,0,,200,101,99,0.505,7,14,,,4,,,30,26
91,Kristina Bahl,Sr,D,5-8,30,16,4,4,8,48,,,3,,1,,3,0,,1,1,0,1,15,41,1,,12,,,31,19
93,Rachel Bjorgan,Sr,F,5-6,38,3,3,3,6,47,1,1,,,,,,0,,50,24,26,0.48,7,14,,,-8,,,11,19
16,Jill Hennessy,Fr,F,5-10,4,0,,,0,,,,,,,,,0,,1,0,1,0,2,15,1,,-2,,,,2
82,Abby Hehl,Fr,D,5-4,32,1,1,1,2,17,,,,,,,,0,,2,2,0,1,4,8,,,-3,,,5,8
18,Kennedy Emerson,Fr,D,5-5,39,3,1,1,2,45,,,1,,,,,0,,1,0,1,0,3,6,,,-12,,,16,28
92,MacKenzie Clarke,Fr,D,5-8,34,1,,2,2,6,,,,,,,,0,,0,0,0,,4,8,,,-1,,,10,11
13,Sarah Marchand,Jr,F,5-3,39,15,12,22,34,79,,2,,,,,2,0,,30,14,16,0.467,4,8,,,4,,,30,26
21,Mae Batherson,Sr,D,5-8,39,19,8,29,37,67,,,,,,,4,0,,1,0,1,0,9,18,,,8,,,36,28
21,Riley Walsh,So,F,5-5,35,27,11,16,27,79,,,1,1,1,,3,0,1,12,4,8,0.333,14,31,,,-11,,,24,35
20,Amanda Quan,So,F,5-5,34,18,2,5,7,59,,,,,,,1,0,,14,8,6,0.571,1,2,,,-8,,,11,19
4,Ella Chiarelli,So,F,5-3,10,1,1,,1,3,,,,,,,,0,,0,0,0,,2,4,,,1,,,1,
22,Greta Kropp,So,F,5-7,20,0,,,0,10,,,,,,,,0,,1,1,0,1,,,,,-1,,,2,3
23,Maya Jones,Jr,C,5-6,35,1,1,1,2,15,,,,,,,,0,,238,116,122,0.487,4,8,,,-3,,,7,10
25,Celeste Beaudoin,Sr,C,5-5,34,27,5,5,10,54,,1,1,,,,,0,,669,332,337,0.496,10,20,,,0,,,19,19
17,Paige Greco,Jr,F,5-9,28,1,1,1,2,31,,,,,,,,0,,4,3,1,0.75,6,12,,,-11,,,3,14
18,Ashley Adams,Jr,F,5-7,32,2,1,3,4,42,,,,,,,,0,,122,58,64,0.475,1,2,,,-10,,,7,17
7,Meredith Killian,Sr,D,5-7,34,32,2,3,5,43,,,,,,,1,0,,2,0,2,0,7,14,,,-10,,,11,21
26,Stephanie Bourque,So,D,5-4,35,2,5,8,13,63,,,,,,,1,0,,1,1,0,1,6,12,,,-8,,,18,26
8,Allison Smith,Sr,D,5-6,32,1,1,2,3,13,,,1,,,,,0,,0,0,0,,9,18,,,-7,,,11,18
24,Emma Hebert,Jr,D,5-6,35,2,,4,4,31,,,,,,,,0,,0,0,0,,8,16,,,-10,,,16,26
9,Maddie Suitor,Jr,F,5-3,29,8,1,2,3,27,,,,,,,1,0,,0,0,0,,1,2,,,-11,,,4,15
11,Kaitlyn Ehmann,Sr,F,5-6,25,2,1,1,2,16,,,,,,,,0,,0,0,0,,2,4,,,-5,,,3,8
15,Maren Friday,Jr,D,5-11,35,32,3,5,8,61,1,,1,,,,,0,,1,0,1,0,10,26,,,-14,,,13,27
16,Emma Fulawka,Fr,F,5-4,28,3,4,3,7,29,,,1,,,,1,0,1,7,4,3,0.571,2,4,,,-8,,,10,18
12,Iliana Smith,Fr,D,5-4,19,1,1,3,4,10,,,,,,,1,0,,46,23,23,0.5,7,25,1,,-7,,,5,12
14,Danica Mark,Fr,C,5-7,8,0,,,0,4,,,,,,,,0,,35,16,19,0.457,1,2,,,0,,,1,1
19,Maddie Leaney,Fr,F,5-4,35,6,12,7,19,92,,,3,,2,,1,0,1,13,7,6,0.538,8,16,,,-16,,,18,34
28,Ellie Abel,Fr,F,5-4,2,0,,,0,,,,,,,,,0,,0,0,0,,,,,,,,,,
13,Emily King,Sr,C,5-4,32,8,4,13,17,112,,,,1,,,1,0,,722,332,390,0.46,16,43,1,,-24,,,18,42
6,Megan Ognibene,Fr,D,5-4,14,1,,1,1,6,,,,,,,,0,,0,0,0,,,,,,1,,,3,2
3,Kendal Davidson,Fr,D,6-1,33,0,1,9,10,47,,,,,,,1,0,,0,0,0,,10,20,,,-11,,,13,24
77,Mariya Rauf,Fr,F,5-5,25,0,,6,6,41,,,,,,,,0,,0,0,0,,2,4,,,-7,,,6,13
8,Deanna Buenzow,Fr,D,5-10,28,0,,3,3,43,,,,,,,,0,,0,0,0,,2,4,,,2,,,16,14
14,Julia Simon,Fr,F,5-5,10,0,1,,1,4,,,,,,,,0,,1,1,0,1,,,,,0,,,2,2
15,Suzy Higuchi,Fr,F,5-3,21,1,2,4,6,17,,,,1,,,,0,,14,4,10,0.286,2,4,,,-1,,,5,6
88,Stephanie Stainton,Fr,C,5-8,30,12,8,8,16,78,,,1,,,,,0,,197,84,113,0.426,6,12,,,-1,,,21,22
93,Avery Muhn,Fr,F,5-5,1,0,,,0,1,,,,,,,,0,,0,0,0,,,,,,,,,,
20,Jordan Ray,So,C,5-7,32,19,13,12,25,148,,3,2,,,,3,0,,168,77,91,0.458,3,6,,,19,,,34,15
13,Avery Chesek,So,F,5-9,17,0,,,0,14,,,,,,,,0,,0,0,0,,3,6,,,0,,,2,2
25,Carina DiAntonio,So,F,5-3,31,11,8,11,19,95,,,1,,1,,3,0,,3,1,2,0.333,4,19,1,,6,,,26,20
44,Naomi Boucher,So,C,5-6,32,1,5,5,10,47,,,2,,,,,0,,345,199,146,0.577,3,6,,,5,,,14,9
11,Sylvia Bojarski,So,D,5-6,32,15,2,2,4,66,,1,,,,,,0,,0,0,0,,6,15,,,1,,,18,17
55,Claire Sedgewick,So,F,5-10,12,0,1,,1,7,,1,,,,,,0,,0,0,0,,1,2,,,0,,,1,1
7,Gracie Gilkyson,So,D,5-7,32,15,6,9,15,97,1,1,1,,,,1,0,,3,1,2,0.333,5,10,,,3,,,21,18
28,Emma DeCorby,Jr,D,5-9,32,6,2,8,10,40,,,2,,,,,0,,0,0,0,,12,27,,,8,,,25,17
29,Emma Harvey,Jr,F,5-10,30,1,1,1,2,27,,,1,,,,,0,,0,0,0,,5,10,,,1,,,11,10
27,Anja Trummer,Jr,F,5-8,25,0,1,2,3,10,,,,,,,,0,,96,47,49,0.49,,,,,3,,,5,2
3,Olivia Muhn,Jr,D,5-8,32,2,1,2,3,56,,,,,,,,0,,0,0,0,,4,8,,,4,,,20,16
4,Elle Hartje,Sr,C,5-5,32,29,12,28,40,114,,1,5,,1,,,0,,822,501,321,0.609,9,18,,,17,,,41,24
9,Kiersten Goode,Sr,F,5-5,11,1,1,,1,4,,,,,,,,0,,1,1,0,1,1,2,,,0,,,1,1
2,Emmery Korfmacher,Jr,D,5-4,11,0,,1,1,7,,,,,,,,0,,0,0,0,,3,6,,,3,,,6,3
16,Ellie Reiter,Jr,F,5-5,24,1,1,2,3,12,,,,,,,1,0,,65,34,31,0.523,5,10,,,4,,,6,2
22,Anna Bargman,Jr,F,5-8,32,16,12,8,20,78,,1,1,,,,2,0,,0,0,0,,5,10,,,8,,,27,19
21,Vita Poniatovskaia,Jr,D,5-8,32,29,3,7,10,68,,,,,,,,0,,0,0,0,,6,12,,,9,,,26,17
5,Tijana Miskovic,Jr,D,6-2,24,1,,4,4,26,,,,,,,,0,,0,0,0,,2,4,,,5,,,12,7
34,Ciara Coleman,So,D,6-2,1,0,,,0,2,,,,,,,,0,,0,0,0,,,,,,,,,,
7,Kate Ham,So,F,5-8,35,4,3,1,4,51,,,,,,,,0,,3,1,2,0.333,7,14,,,-12,,,9,21
25,Shea Frost,So,D,5-10,1,0,,,0,,,,,,,,,0,,0,0,0,,,,,,,,,,
8,Kara Goulding,So,F,5-8,32,0,,1,1,12,,,,,,2,,0,,0,0,0,,2,4,,,-1,,,2,3
12,Cailin Flynn,So,D,5-9,36,6,,4,4,39,,,,,,,,0,,0,0,0,,10,20,,,1,,,18,17
11,Katie Pyne,Jr,F,5-7,32,3,12,7,19,84,,1,2,2,,1,1,0,,1,1,0,1,6,15,,,1,,1,21,20
15,Carson Zanella,Jr,F,5-6,6,0,,,0,1,,,,,,,,0,,0,0,0,,,,,,,,,,
21,Abby Newhook,Jr,C,5-6,36,14,10,12,22,129,,1,2,,1,,2,0,,628,295,333,0.47,9,18,,,-2,,,27,29
20,Jenna Carpenter,Jr,F,5-6,25,0,,,0,3,,,,,,,,0,,1,1,0,1,1,2,,,-2,,,,2
4,Keri Clougherty,Jr,D,5-9,36,21,,3,3,22,,,,,,,,0,,0,0,0,,6,12,,,-1,,,22,23
17,Christina Klinoff,Sr,F,5-7,2,0,,,0,,,,,,,,,0,,0,0,0,,,,,,,,,,
22,Olivia O'Brien,Sr,C,5-2,6,0,,,0,1,,,,,,,,0,,54,31,23,0.574,1,2,,,0,,,1,1
24,Caroline Goffredo,Sr,F,5-5,34,12,8,10,18,66,,,2,,,,,0,,9,3,6,0.333,4,8,,,6,,,26,20
26,Sidney Fess,Sr,D,5-7,36,13,4,11,15,69,,,,,,,2,0,,21,9,12,0.429,7,14,,,9,,,34,25
28,Gaby Roy,Sr,F,5-8,35,19,13,9,22,88,,,2,,,,4,0,,14,8,6,0.571,4,8,,,-2,,,28,30
6,Kiley Erickson,Jr,D,5-5,32,0,,5,5,7,,,,,,,,0,,26,5,21,0.192,3,6,,,1,,,11,10
3,Morgan Trimper,Sr,C,5-4,36,1,,,0,15,,,,,,,,0,,240,124,116,0.517,9,18,,,-10,,,3,13
13,Sammy Smigliani,Sr,C,5-8,36,22,11,15,26,104,,1,,,,,1,0,,715,409,306,0.572,11,22,,,12,,,37,25
9,Molly Jordan,Fr,D,5-7,36,13,4,14,18,57,,,,,,1,2,0,,0,0,0,,5,10,,,-7,,,28,35
2,Annaka Mettler,Jr,D,5-11,36,6,1,2,3,21,,,1,,,,,0,,0,0,0,,7,25,1,,-7,,,21,28
19,Jade Arnone,So,D,5-11,35,15,4,8,12,66,,,2,,1,,3,0,,1,1,0,1,13,26,,,0,,,30,30
10,Jansen Lucas,Fr,F,5-6,33,4,,2,2,17,,,,,,,,0,,1,0,1,0,4,8,,,-4,,,3,7
14,Sammy Taber,Fr,F,5-5,35,21,13,19,32,100,,2,2,2,1,,1,0,,3,1,2,0.333,8,16,,,14,,,36,22
18,Julia Pellerin,Fr,C,5-6,36,6,12,7,19,121,1,,2,,,,2,0,,249,131,118,0.526,5,10,,,0,,,23,23
11,Sydney Healey,So,F,5-7,34,5,7,7,14,47,,,,,,,2,0,,7,3,4,0.429,5,10,,,-8,,1,14,22
19,Clara Yuhn,So,C,5-9,35,16,9,13,22,89,,,2,,,,2,0,,208,126,82,0.606,10,23,,,4,,,30,26
27,Brooke Disher,So,D,5-6,35,17,3,8,11,61,1,,,,,,,0,,0,0,0,,5,10,,,-6,,,21,27
24,Maeve Kelly,So,D,5-6,35,7,,6,6,20,,,,,,,,0,,1,0,1,0,5,10,,,-6,,,18,24
25,Ani Fitzgerald,Sr,F,5-7,25,0,5,4,9,27,,,,,,,,0,,83,40,43,0.482,6,12,,,3,,,11,8
3,Liv Haag,Jr,F,5-1,13,1,1,1,2,6,1,,1,,,,,0,,3,1,2,0.333,2,4,,,-1,,,2,3
8,Maggie Hanzel,Jr,D,5-9,28,3,3,6,9,28,,,,,,,1,0,,0,0,0,,3,6,,,1,,,18,17
22,Christina Vote,Jr,F,5-2,35,19,3,8,11,32,,,1,,,,1,0,,2,0,2,0,6,12,,,-11,,,16,27
17,Lacey Martin,Sr,C,5-8,35,15,14,13,27,100,,,3,,,,3,0,1,329,136,193,0.413,4,8,,,-1,,,24,25
20,Julia Shaunessy,Sr,D,6-1,17,1,1,3,4,28,,,,,,,,0,,0,0,0,,3,6,,,-3,,,9,12
21,Madison Cardaci,Sr,D,5-9,35,3,2,1,3,30,,1,,,,,,0,,5,2,3,0.4,8,16,,,-1,,,14,15
23,Tamara Giaquinto,Sr,D,5-6,35,15,5,10,15,61,,,1,,1,,3,0,,0,0,0,,3,6,,,-1,,,24,25
28,Catherine Foulem,Sr,C,5-6,35,20,11,11,22,84,2,,3,,1,,,0,,483,257,226,0.532,6,12,,,-4,,,24,28
13,Andi Calderone,Sr,D,5-6,35,5,3,8,11,38,,,1,,,,2,0,,0,0,0,,3,6,,,-2,,,19,21
2,Ella Huntley,Fr,F,5-4,22,3,1,4,5,15,,,,,,,,0,,0,0,0,,3,6,,,0,,,10,10
18,Neely Nicholson,Fr,F,5-8,35,4,2,4,6,42,,,,,,,2,0,,7,1,6,0.143,2,4,,,-15,,,6,21
26,Lilli Welcke,So,C,5-7,35,5,2,9,11,90,,,,,,1,,0,,484,293,191,0.605,6,12,,,-11,,,10,21
4,Jackson Kinsler,Fr,F,5-7,24,0,1,1,2,24,,,,,,,,0,,0,0,0,,2,4,,,-1,,,5,6
10,Mikayla Blomquist,Fr,F,5-7,14,0,,,0,9,,,,,,,,0,,51,25,26,0.49,3,6,,,-5,,,,5
16,Luisa Welcke,So,F,5-5,35,5,7,5,12,77,,,2,,,1,4,0,,1,0,1,0,3,6,,,-6,,,13,19
9,Alex Law,Fr,F,5-8,26,9,4,9,13,81,,,,,,2,,0,,77,39,38,0.506,11,25,,,-1,,,16,17
6,Nadia Mattivi,Sr,D,5-9,34,22,3,14,17,58,,1,,,,,,0,,0,0,0,,10,20,,,-7,,,24,31
14,Brooke Campbell,So,C,5-5,38,25,9,9,18,74,,1,2,,,,3,0,,691,345,346,0.499,2,4,,,4,,,16,12
19,Megan Woodworth,So,F,5-4,38,5,7,7,14,66,,,2,,1,,,0,,2,1,1,0.5,3,6,,,10,,,19,9
15,Meghane Duchesne-Chalifoux,So,D,5-4,16,0,,,0,1,,,,,,,,0,,0,0,0,,,,,,2,,,4,2
13,Emma Eryou,So,D,5-6,36,2,,9,9,33,,,,,,,,0,,0,0,0,,,,,,11,,,20,9
16,Kyla Josifovic,So,F,5-10,35,23,4,6,10,50,,1,1,,,,,0,,2,2,0,1,6,12,,,3,,,14,11
17,Ava Rinker,Jr,D,5-3,38,2,3,10,13,61,,,1,,,,3,0,,3,1,2,0.333,6,15,,,8,,,21,13
23,Brianna Ware,Jr,C,5-6,38,5,5,5,10,39,,,,,,,1,0,,516,260,256,0.504,1,2,,,8,,,19,11
97,Riley Grimley,Jr,F,5-6,38,4,8,11,19,54,,,2,,,,2,0,,9,3,6,0.333,9,18,,,19,,,27,8
25,Jada Habisch,Sr,F,5-4,38,5,17,11,28,156,2,,8,1,,,3,0,,18,7,11,0.389,5,10,,,20,,,30,10
24,Kathryn Stockdale,Sr,F,5-7,37,5,11,7,18,96,1,,4,1,1,,2,0,,45,16,29,0.356,8,16,,,11,,,20,9
11,Christina Walker,So,F,5-7,36,5,3,6,9,50,,,1,,,,3,0,,0,0,0,,,,,,-5,,,4,9
51,Julia Stephen,Fr,D,5-8,9,0,,,0,2,,,,,,,,0,,0,0,0,,1,2,,,1,,,1,
12,Coryn Tormala,Sr,F,5-11,38,29,6,18,24,112,,,,,,,1,0,,4,2,2,0.5,4,8,,,9,,,21,12
26,Alexa Pongo,So,F,5-3,33,2,1,,1,22,,,,,,,,0,,129,62,67,0.481,2,4,,,-3,,,4,7
5,Camryn Wong,Sr,D,5-4,38,36,4,9,13,40,,,3,,1,,1,0,,1,1,0,1,9,18,,,11,,,29,18
20,Claire Peterson,Sr,D,5-7,33,8,2,8,10,62,,,,,,2,,0,,0,0,0,,3,6,,,8,,,20,12
3,Martha Mobarak,Fr,F,5-9,22,0,,,0,8,,,,,,,,0,,16,5,11,0.313,1,2,,,0,,,2,2
18,Maya Serdachny,Fr,D,5-7,37,0,,5,5,36,,,,,,,,0,,0,0,0,,1,2,,,9,,,17,8
54,Livvy Dewar,Fr,C,5-9,26,1,1,2,3,10,,,,,,,,0,,109,54,55,0.495,6,12,,,-1,,,4,5
92,Ashley Allard,Fr,C,5-7,38,5,6,10,16,92,,,1,,1,1,,0,,447,239,208,0.535,2,7,,,18,,,27,9
22,Ainsley Svetek,Sr,D,5-7,36,28,4,10,14,70,,,,1,,,3,0,,0,0,0,,6,12,,,8,,,20,12
12,Emily Crovo,Fr,C,5-4,35,0,2,7,9,28,,,1,,,,,0,,242,110,132,0.455,4,8,,,-2,,,10,12
10,Lulu Rourke,Fr,F,5-4,31,3,3,4,7,53,,,,,,,,0,,0,0,0,,1,2,,,-11,,,8,19
13,Reghan Chadwick,Fr,F,5-7,30,4,5,6,11,46,,,,,,,3,0,,2,1,1,0.5,6,23,1,,-12,,,8,20
19,Emmanuelle Gendron,Fr,F,5-10,29,0,1,1,2,12,,,,,,,,0,,2,1,1,0.5,1,2,,,-2,,,3,5
7,Casey Borgiel,So,D,5-7,34,20,2,9,11,63,,,,,,,1,0,,1,0,1,0,7,14,,,-9,,,20,29
16,Madison Michals,Jr,D,5-7,28,1,4,2,6,22,,,,,,,,0,,2,2,0,1,9,18,,,-9,,,8,17
8,Lane Lewis,So,F,5-8,34,15,5,8,13,53,,,,,,,1,0,,9,2,7,0.222,11,22,,,-7,,,19,26
11,Alexia Moreau,So,C,5-4,34,17,11,10,21,73,,,2,,,,3,0,,557,279,278,0.501,10,31,1,,-8,,,21,29
26,Charlotte Sonntag,So,C,5-4,35,9,3,5,8,82,,,,,,,2,0,,525,211,314,0.402,5,10,,,-9,,,12,21
23,Taylor Cantelon,So,D,5-6,30,15,1,1,2,15,,,,,,,,0,,0,0,0,,4,8,,,-5,,,12,17
21,Alexis Perry,So,F,5-5,18,2,5,4,9,51,,,1,,1,,3,0,,14,6,8,0.429,,,,,-1,,,7,8
25,Emma Min,Jr,D,5-5,35,6,,1,1,14,,,,,,,,0,,1,1,0,1,7,14,,,-9,,,9,18
6,Emilie Fortunato,Jr,D,5-7,35,10,1,6,7,26,,,,,,,1,0,,0,0,0,,13,26,,,-9,,,19,28
14,Carmen Elliott,Jr,D,5-5,34,7,,7,7,45,,,,,,1,,0,,0,0,0,,4,8,,,-9,,,13,22
18,Mackenzie King,Jr,C,5-4,23,7,1,2,3,28,,,,,,,,0,,288,105,183,0.365,5,10,,,-6,,,3,9
27,Michela Lio,Jr,F,5-5,28,1,,,0,3,,,,,,,,0,,1,1,0,1,1,2,,,-10,,,,10
4,Grace Johnson,Sr,D,5-5,17,6,,4,4,15,,,,,,,,0,,0,0,0,,2,4,,,-1,,,8,9
5,Bryn Saarela,Sr,F,5-6,33,10,3,11,14,65,,,1,,,2,1,0,,28,8,20,0.286,7,25,1,,-3,,,14,17
22,Lilly Feeney,Sr,F,5-3,35,17,6,5,11,69,,,,,,,1,0,,55,19,36,0.345,7,14,,,-7,,,13,20
2,Vaia Graves,Sr,D,5-8,16,5,,,0,5,,,,,,,,0,,0,0,0,,3,6,,,0,,,3,3
20,Millie Sirum,Sr,F,5-9,35,20,12,10,22,115,,,3,,2,2,3,0,,71,39,32,0.549,21,56,1,,-4,,,20,24
19,Ava Stevenson,So,F,5-9,35,11,2,9,11,41,,,,,,,,0,,5,2,3,0.4,2,4,,,2,1,1,21,19
4,Cora Webber,So,D,5-5,3,0,,1,1,1,,,,,,,,0,,0,0,0,,1,2,,,-2,,,3,5
10,Courtney Colarullo,Jr,D,5-3,26,2,,2,2,22,,,,,,,,0,,1,1,0,1,1,2,,,5,,,17,12
28,Alyssa Wruble,Jr,F,5-5,35,4,5,5,10,80,,,1,,,,,0,,14,3,11,0.214,8,16,,,0,,,11,11
27,Mira Seregely,Jr,C,5-9,32,4,6,8,14,105,,1,1,,1,,1,0,,385,180,205,0.468,2,4,,,2,,,19,17
8,Kennedy Little,Sr,D,5-3,32,8,,4,4,26,,,,,,,,0,,0,0,0,,13,26,,,1,,,19,18
22,Rahel Enzler,Sr,F,5-5,35,21,6,20,26,63,,,1,,,1,1,0,,5,0,5,0,,,,,12,,1,30,18
29,Elise Morphy,Sr,D,5-6,35,24,2,12,14,53,,,,,,,,0,,2,1,1,0.5,4,11,,,4,,,25,21
6,Olivia King,Sr,D,5-6,16,0,,1,1,8,,,,,,,,0,,0,0,0,,,,,,-2,,,4,6
17,Sophia Johnson,Fr,D,5-11,34,18,,5,5,38,,,,,,,,0,,1,1,0,1,4,8,,,0,,,23,23
21,Lila Shea,Fr,F,5-9,8,0,,,0,4,,,,,,,,0,,0,0,0,,,,,,1,,,2,1
7,Lily Fetch,Fr,C,5-4,35,0,3,8,11,45,,,,,,,,0,,312,149,163,0.478,3,6,,,-2,,,11,13
11,Abby Latorella,Sr,F,5-7,32,0,1,4,5,36,,,1,,,,,0,,0,0,0,,3,6,,,-4,,,9,13
12,Jamie Grinder,Jr,D,5-10,34,15,1,6,7,53,,,,,,,1,0,,3,3,0,1,5,10,,,0,,,24,24
9,Ashley Kokavec,Fr,D,5-4,31,0,5,6,11,74,,,1,,,,1,0,,0,0,0,,8,16,,,10,,,21,11
16,Raegan Wurm,Fr,F,5-5,34,4,5,1,6,40,,,,,,,,0,,10,3,7,0.3,7,14,,,1,,,10,9
3,Sam Morrison,Fr,C,5-6,32,8,4,6,10,47,,,2,1,1,,2,0,,231,103,128,0.446,9,18,,,-12,,,9,21
2,Bria Holm,Fr,F,5-4,7,0,1,,1,5,,,,,,,,0,,0,0,0,,3,6,,,2,,,3,1
13,Mikayla Boarder,Fr,F,5-8,32,0,4,5,9,52,1,,,,,,,0,,5,0,5,0,5,10,,,-5,,,12,17
14,Haley Ryan,Fr,C,5-4,33,0,6,2,8,30,1,,1,,,,,0,1,291,135,156,0.464,,,,,-9,,,10,19
18,Ann-Frederique Guay,Sr,C,5-7,34,26,19,9,28,87,,2,1,,,,5,0,1,519,255,264,0.491,4,8,,,5,1,1,30,25
24,Adriana Van De Leest,Jr,D,5-11,28,0,3,4,7,51,,,,,,,2,0,,0,0,0,,13,26,,,-2,,,11,13
26,Ida Kuoppala,Sr,F,5-6,35,30,21,18,39,132,3,,6,,1,,4,0,1,68,25,43,0.368,2,4,,,16,,,41,25
3,Ashlyn Kroes,So,D,5-6,23,0,1,2,3,16,,,,,,,,0,,0,0,0,,1,2,,,-4,,,6,10
7,Payten Evans,So,D,5-9,36,29,2,5,7,36,,,,,,,1,0,,0,0,0,,12,24,,,-11,,,14,25
21,Sophie McKinley,So,C,5-6,36,25,7,7,14,41,,,,1,,,3,0,,586,249,337,0.425,2,4,,,-4,,,17,21
24,Alex Ferguson,So,C,5-8,36,2,5,6,11,34,,1,2,,1,,1,0,,422,224,198,0.531,5,10,,,-10,,,14,24
15,Sarah Hirst,So,F,5-6,34,2,1,,1,37,,,,,,,,0,,2,0,2,0,2,4,,,-12,,,5,17
27,Sydney Lynch,So,D,5-4,1,0,,,0,,,,,,,,,0,,0,0,0,,,,,,,,,,
28,Emily Oosterveld,Sr,F,5-6,32,23,1,6,7,36,,,,,,,,0,,22,5,17,0.227,13,26,,,-3,,,10,13
17,Hayley Chang,Jr,D,5-8,36,6,2,13,15,51,,,,,,,1,0,,0,0,0,,6,12,,,-6,,,24,30
23,Hannah Corneliusen,Sr,F,5-7,23,0,,,0,11,,,,,,,,0,,5,3,2,0.6,2,4,,,-3,,,,3
5,Grace Karunakar,Sr,D,5-5,3,0,,,0,1,,,,,,,,0,,0,0,0,,,,,,,,,,
9,Bree Bergeron,Sr,D,5-5,1,0,,,0,,,,,,,,,0,,0,0,0,,,,,,,,,,
4,Natalie Nemes,Sr,D,5-5,33,4,2,4,6,47,,,,,,,,0,,0,0,0,,11,33,1,,-1,,,14,15
16,Ally Qualley,Sr,F,5-6,32,13,5,7,12,36,,,2,,1,,1,0,,61,27,34,0.443,8,16,,,-8,,,12,20
19,Raice Szott,Sr,D,5-9,36,3,1,2,3,37,,,1,,,,,0,,2,0,2,0,4,8,,,-11,,,11,22
18,Tara Blackburn,Jr,F,5-4,21,1,,1,1,8,,,,,,,,0,,0,0,0,,1,2,,,-3,,,3,6
91,Ryleigh Horlock,Fr,F,-,20,0,1,1,2,16,,,,,,,,0,,0,0,0,,6,12,,,0,,,4,4
8,Michaela Littlewood,Fr,F,-,24,0,,,0,11,,,,,,,,0,,42,17,25,0.405,,,,,-2,,,1,3
2,Teghan Inglis,Sr,D,5-9,36,30,3,8,11,81,,,2,,1,,,0,,0,0,0,,21,42,,,-14,,,14,28
29,Maria Lindberg,Fr,F,5-6,36,7,9,7,16,78,,,1,1,,1,2,0,,12,4,8,0.333,1,2,,,-3,,,23,26
40,Emma Pfeffer,Fr,F,5-6,34,0,2,1,3,23,,,,1,,,,0,,9,2,7,0.222,2,4,,,-4,,,4,8
61,Solveig Gisler,Fr,D,5-6,35,0,1,1,2,25,,,,,,,,0,,0,0,0,,8,16,,,-6,,,7,13
11,Celine Tedenby,Sr,F,5-6,34,20,8,15,23,92,,,,,,1,2,0,,99,47,52,0.475,15,30,,,-5,,,18,23
13,Mary Edmonds,Sr,C,5-5,36,6,6,11,17,47,,,2,,,,1,0,,559,303,256,0.542,2,4,,,-8,,,19,27
25,Allison Reeb,Sr,F,5-4,36,9,5,6,11,39,,1,1,,1,,2,0,,6,2,4,0.333,2,4,,,-11,,,16,27
29,Sadie Makokis,Fr,D,5-5,36,0,1,2,3,13,,,,,,,,0,,0,0,0,,3,6,,,8,,,20,12
7,Sydney Leonard,Fr,C,5-6,36,3,3,10,13,55,,,,,,1,2,0,,393,210,183,0.534,8,16,,,-1,,,16,17
5,Rae Breton,Sr,D,5-8,36,13,1,11,12,25,,,1,,,,,0,,1,1,0,1,15,30,,,10,,,31,21
3,Annie Berry,Sr,F,5-2,36,7,8,10,18,55,,1,1,,,,2,0,,103,52,51,0.505,3,6,,,0,,,19,19
17,Mikah Baptiste,Sr,F,5-3,35,0,,2,2,27,,,,,,,,0,,49,23,26,0.469,3,6,,,2,,,6,4
16,Jada Christian,Sr,F,5-5,28,7,3,4,7,45,,,1,,,,,0,,3,1,2,0.333,5,18,,,2,,,11,9
18,Tamara Thierus,Sr,F,5-3,35,11,5,9,14,72,,,,,,,1,0,,1,1,0,1,15,36,,,6,,,22,16
12,Danika Botterill,Fr,F,5-5,26,1,2,1,3,15,,,,,,,1,0,,1,0,1,0,2,4,,,-3,,,3,6
22,Julia Cabral,Fr,F,5-5,27,1,,1,1,19,,,,,,1,,0,,1,0,1,0,1,2,,,-4,,,3,7
2,Autumn Mish,So,D,5-11,3,0,,,0,,,,,,,,,0,,0,0,0,,,,,,,,,,
19,Hannah Rodgers,So,F,5-5,8,0,,,0,,,,,,,,,0,,0,0,0,,1,2,,,-2,,,,2
9,Kelly Harty,So,F,5-4,29,1,1,,1,18,,,1,,,,,0,,2,0,2,0,1,2,,,-7,,,4,11
6,Alyson Hush,So,F,5-5,15,1,1,1,2,8,,,,,,,,0,,5,4,1,0.8,,,,,0,,,3,3
21,Marina Alvarez,Jr,D,5-5,36,23,3,11,14,74,,,1,,,,1,0,,0,0,0,,4,19,1,,-21,,,18,39
24,Brooke Hammer,Jr,F,5-4,33,14,8,10,18,54,1,,3,,,,2,0,,4,2,2,0.5,3,6,,,6,,,21,15
14,Kira Juodikis,Jr,F,5-10,36,22,15,10,25,97,,1,2,,,,5,0,,7,2,5,0.286,6,12,,,-10,,,28,38
15,Shea Verrier,Jr,C,5-7,36,23,11,13,24,74,,2,2,,,,2,0,,507,235,272,0.464,9,18,,,0,,,27,27
20,Kyla Bent,Sr,D,5-4,36,23,,8,8,58,,,,,,,,0,,0,0,0,,9,18,,,-7,,,17,24
27,Brianna Legros,Sr,D,5-5,34,0,,7,7,37,,,,,,,,0,,0,0,0,,6,12,,,3,,,18,15
11,Chavonne Truter,Sr,C,5-11,36,12,10,5,15,75,,2,2,,,,1,0,,304,149,155,0.49,22,58,1,,10,,,21,11
23,Charli Kettyle,Sr,D,5-7,36,13,2,13,15,61,,,1,,,,,0,,0,0,0,,4,8,,,9,,,34,25
8,Nicole Kelly,Sr,C,5-5,34,5,11,2,13,69,1,1,3,,,,,0,1,426,217,209,0.509,8,16,,,-3,,,17,20
18,Becca Vanstone,Sr,F,5-5,7,0,,1,1,2,,,,,,,,0,,0,0,0,,1,2,,,1,,,1,
10,Holly Abela,So,F,5-4,38,3,,5,5,53,,,,,,,,0,,1,0,1,0,2,4,,,0,,,12,12
17,Mia Langlois,So,F,5-7,37,1,3,3,6,37,,,,,,,,0,,1,0,1,0,5,10,,,5,,,11,6
94,Alyssa Antonakis,So,F,5-6,6,1,1,1,2,2,,,,,,,,0,,10,6,4,0.6,,,,,1,,,2,1
61,Lily Brazis,So,C,5-5,38,1,,4,4,33,,,,,,,,0,,242,109,133,0.45,2,4,,,2,,,6,4
44,Taze Thompson,Jr,F,5-6,39,15,12,8,20,59,,,4,,,,2,0,,59,35,24,0.593,3,6,,,8,,,20,12
2,Lily Shannon,So,C,5-10,39,1,6,9,15,46,,2,1,,,,1,0,,307,143,164,0.466,6,12,,,6,,,15,9
9,Kristina Allard,So,D,5-4,38,4,2,4,6,32,,,,,,,,0,,0,0,0,,9,18,,,1,,,12,11
3,Taylor Guarino,Jr,D,5-5,6,0,,,0,,,,,,,,,0,,0,0,0,,,,,,2,,,2,
8,Molly Griffin,Sr,F,5-4,28,0,1,2,3,15,,,,,,,,0,,1,1,0,1,4,8,,,3,,,5,2
19,Abbey Marohn,Sr,D,5-7,30,1,,7,7,15,,,,,,,,0,,0,0,0,,1,2,,,13,,,21,8
16,Lily Yovetich,Sr,D,5-4,36,32,1,10,11,49,,,,,,,,0,,1,0,1,0,6,12,,,16,,,29,13
4,Tory Mariano,Jr,D,5-9,34,5,2,4,6,38,,,,,,,1,0,,0,0,0,,5,10,,,0,,,12,12
88,Skylar Irving,Jr,C,5-8,39,31,13,22,35,163,1,3,4,,2,,1,0,,579,315,264,0.544,4,8,,,22,,,40,18
41,Jules Constantinople,So,D,5-5,39,4,4,12,16,85,,,2,,1,,3,0,,0,0,0,,9,18,,,7,,,21,14
92,Avery Anderson,So,F,5-4,12,0,2,,2,8,,,,,,,,0,,0,0,0,,1,2,,,2,,,3,1
6,Katy Knoll,Sr,C,5-7,39,25,11,17,28,107,1,,6,,2,,2,0,,409,207,202,0.506,8,16,,,14,,,35,21
26,Rylie Jones,Fr,D,5-6,38,1,,6,6,28,,,,,,,,0,,0,0,0,,,,,,5,,,12,7
27,Megan Carter,Sr,D,5-8,34,31,4,21,25,89,,1,,,,,2,0,,1,0,1,0,23,60,1,,19,,,33,14
22,Peyton Compton,Fr,F,5-3,33,2,4,3,7,39,,,1,,,,1,0,,0,0,0,,5,10,,,2,,,6,4
23,Peyton Cullaton,Sr,F,5-7,2,1,,,0,3,,,,,,,,0,,0,0,0,,1,2,,,,,,,
91,Peyton Anderson,Sr,F,5-5,39,22,15,13,28,113,,3,4,,1,1,4,0,1,23,10,13,0.435,9,18,,,19,,,33,14
28,Ella Blackmore,Fr,F,5-5,35,2,5,3,8,60,,,,,,,,0,,1,1,0,1,3,6,,,3,,,11,8
14,Mady Cipolla,Fr,F,5-2,3,0,,,0,1,,,,,,,,0,,0,0,0,,1,2,,,1,,,1,
21,Allie Lalonde,Fr,C,5-8,39,12,8,9,17,90,,,3,,,1,3,0,,385,196,189,0.509,3,6,,,1,,,14,13
15,Ellie Mabardy,Fr,C,5-3,5,0,,,0,4,,,,,,,,0,,39,13,26,0.333,,,,,-2,,,,2
16,Reichen Kirchmair,So,F,5-8,35,23,11,5,16,104,,,2,,,2,2,0,,0,0,0,,2,4,,,-5,,,20,25
11,Mégane Quirion,So,F,5-3,33,3,2,4,6,22,,,,,,,,0,,0,0,0,,3,6,,,1,,,8,7
23,Ashley Clark,Jr,F,5-3,34,3,3,4,7,55,1,,,,,,,0,,2,0,2,0,5,10,,,-2,,,11,13
2,Lily Martinson,Jr,D,5-10,35,4,2,4,6,48,,,,,,,,0,,0,0,0,,7,14,,,-4,,,15,19
8,Lily Hendrikson,Jr,D,5-2,35,0,2,5,7,33,,,1,,,,,0,,0,0,0,,9,18,,,-6,,,17,23
3,Maddy Coene,Sr,F,5-5,35,5,3,9,12,38,,,1,,,,,0,,0,0,0,,7,14,,,8,,,21,13
10,KC Brooks,Sr,D,5-7,34,0,3,4,7,33,,,1,,,,,0,,128,41,87,0.32,9,29,1,,-3,,,11,14
22,Claire Tyo,Sr,D,5-6,35,20,,8,8,67,,,,,,,,0,,1,1,0,1,6,12,,,7,,,19,12
7,Lindsay Bochna,Sr,F,5-5,30,21,8,10,18,78,,1,1,,1,,2,0,,4,3,1,0.75,10,31,1,,4,,,24,20
17,Brooke Becker,Sr,D,5-8,35,15,5,11,16,92,,,,,,,2,0,,0,0,0,,16,43,1,,7,,,27,20
27,Rachel Weiss,Sr,C,5-7,35,21,5,14,19,71,,,1,,,,,0,,769,422,347,0.549,6,12,,,-3,,,23,26
15,Kayla Kutes,So,F,5-7,24,0,,1,1,7,,,,,,1,,0,,40,16,24,0.4,1,2,,,-4,,,1,5
26,Cristina Cavaliere,So,D,5-5,33,9,1,11,12,44,,,1,,,,,0,,2,1,1,0.5,11,22,,,12,,,21,9
6,Audrey Knapp,Fr,F,5-5,35,12,14,4,18,94,,,1,1,,2,1,0,,6,3,3,0.5,8,27,1,,13,,,27,14
9,Kiara Kraft,Fr,F,5-3,28,0,2,4,6,27,,,1,,,,,0,,0,0,0,,2,4,,,5,,,11,6
25,Hannah Johnson,Jr,C,5-3,35,14,1,7,8,67,,,,,,,,0,,564,236,328,0.418,2,7,,,2,,,20,18
14,Grace Shirley,Sr,C,5-7,35,3,7,6,13,83,,1,3,1,,,,0,,330,159,171,0.482,10,20,,,2,,,22,20
4,Lauren DeBlois,Sr,D,5-6,31,22,3,6,9,67,,,,1,,,1,0,,2,2,0,1,1,2,,,-5,,,20,25
18,Dylan Berman,Fr,F,5-5,11,0,,,0,2,,,,,,,,0,,0,0,0,,,,,,,,,,
12,Peyton Blaney,Fr,D,5-8,17,0,,,0,1,,,,,,,,0,,0,0,0,,2,4,,,-1,,,,1
9,Julia Mesplède,So,F,5-2,22,3,,2,2,8,,,,,,,,0,,21,12,9,0.571,,,,,-6,,,5,11
14,Krista Parkkonen,So,D,5-6,33,25,6,15,21,57,,,1,,,1,3,0,,0,0,0,,4,8,,,0,,,23,23
10,Lara Beecher,So,F,5-5,35,5,9,10,19,90,,,1,,,1,1,0,,1,1,0,1,8,16,,,9,,,26,17
43,Alaina Tanski,Jr,F,5-4,35,18,4,8,12,45,,,1,,,,,0,,1,0,1,0,2,4,,,-3,,,21,24
6,Evelyne Blais-Savoie,Jr,C,5-9,35,7,7,14,21,73,,1,1,,1,1,4,0,,510,313,197,0.614,18,36,,,-10,,,17,27
8,Anna Podein,Jr,D,5-8,34,3,,5,5,6,,,,,,,,0,,0,0,0,,1,2,,,-1,,,13,14
96,Natalie Mlynkova,Sr,C,5-3,35,24,17,16,33,118,1,1,2,1,,1,4,0,1,583,336,247,0.576,8,16,,,7,,,28,21
3,Bella Parento,Sr,D,5-5,35,21,,14,14,39,,,,,,,,0,,0,0,0,,6,12,,,-1,,,24,25
12,Maddy Skelton,Sr,F,5-6,26,11,5,3,8,30,,,1,,,,,0,,68,47,21,0.691,5,21,1,,-5,,,14,19
27,Sofie Skott,So,D,5-8,8,0,,1,1,,,,,,,,,0,,0,0,0,,,,,,-1,,,1,2
2,Ezra Oien,Fr,F,5-7,34,1,2,1,3,21,,,,,,,,0,,33,14,19,0.424,2,4,,,-5,,,5,10
7,McKenzie Cerrato,Fr,F,5-3,31,0,1,1,2,5,,,,,,,,0,,0,0,0,,6,12,,,-5,,,4,9
4,Natalie Zarcone,Fr,D,5-5,33,8,2,4,6,36,,,1,,1,,1,0,,0,0,0,,6,12,,,-8,,,13,21
66,Lily Humphrey,Sr,F,5-5,35,19,7,15,22,67,,,1,2,,1,2,0,,2,1,1,0.5,4,8,,,-2,,,20,22
23,Hailey Burns,Sr,F,5-5,34,7,2,3,5,29,,,,,,,1,0,,10,5,5,0.5,3,6,,,-11,,,8,19
49,Sara Levesque,Sr,D,5-3,34,6,1,3,4,27,,,1,,,,,0,,0,0,0,,5,10,,,-6,,,15,21
19,Cecilia DesLauriers,Fr,F,5-0,21,1,,,0,1,,,,,,,,0,,8,0,8,0,,,,,-3,,,,3
17,Brooke George,Fr,D,5-5,32,0,1,2,3,15,,,1,,,,,0,,0,0,0,,1,2,,,-8,,,8,16
55,Hailey Eikos,Fr,D,5-7,34,8,2,5,7,31,,,,,,,,0,,0,0,0,,6,12,,,1,,,21,20
11,Kaylee Lewis,Fr,F,5-7,35,4,10,8,18,71,,1,1,,,,2,0,,0,0,0,,8,27,1,,-1,,,21,22
24,Rose-Marie Brochu,Fr,C,5-8,35,4,3,6,9,42,,,1,,,,,0,,375,210,165,0.56,3,6,,,0,,,17,17
3,Alexi Kirkeby,Fr,D,5-7,35,15,1,4,5,47,,,,,,,,0,,0,0,0,,5,10,,,-5,,,18,23
4,Lauryn Broecker,Fr,F,5-7,6,1,,,0,3,,,,,,,,0,,1,1,0,1,,,,,-4,,,1,5
5,Delaney Williams,Fr,F,5-6,26,0,2,2,4,22,,,1,,,,,0,,0,0,0,,5,13,,,0,,,5,5
20,Kiersten Browning,So,F,5-5,28,1,3,1,4,29,,,,,,,1,0,,1,0,1,0,5,10,,,-6,,1,8,14
11,Ava McGaffigan,Fr,F,5-5,36,11,8,6,14,88,,,,,,,2,0,,11,2,9,0.182,6,12,,,1,,1,15,14
18,Isabella DiReda,Fr,D,5-6,30,0,,2,2,18,,,,,,,,0,,1,0,1,0,3,6,,,-9,,,11,20
22,Molly Walsh,Fr,C,5-3,27,0,1,1,2,28,,,,,,,,0,,127,62,65,0.488,3,6,,,-1,,,6,7
7,Sheridan Terrazzano,So,F,5-7,36,11,10,6,16,96,,,1,,,,2,0,,0,0,0,,6,12,,,3,,,20,17
8,Teagan Vaughan,Fr,D,5-7,36,25,4,6,10,77,,,,,,,2,0,,0,0,0,,12,24,,,-10,,,18,28
10,Kayla McGaffigan,Fr,C,5-7,36,3,4,2,6,56,1,,,,,,,0,,229,81,148,0.354,,,,,-3,,,15,18
23,Justina Valentini,Fr,D,5-7,34,17,,4,4,53,,,,,,,,0,,0,0,0,,3,6,,,-9,,,11,20
24,Jenna Chaplain,Fr,C,5-7,36,20,6,14,20,105,,,1,,,,,0,,647,362,285,0.56,7,14,,,-8,,,19,27
57,Cassandra Johnson,Fr,F,5-8,25,3,2,2,4,39,,,,,,,,0,,13,5,8,0.385,7,14,,,-6,,,6,12
17,Katelyn Prive,Fr,D,5-4,35,4,,4,4,22,,,,,,,,0,,2,0,2,0,8,16,,,-9,,,15,24
12,Mary McKiernan,So,D,5-8,5,0,,,0,,,,,,,,,0,,0,0,0,,,,,,,,,,
2,Lilly Corso,Fr,D,5-4,36,4,1,3,4,42,,,,,,,,0,,0,0,0,,12,24,,,-10,,,19,29
6,Ella Rago,Fr,F,5-5,32,3,3,8,11,64,,,1,,,,1,0,,1,0,1,0,5,21,1,,-1,,,13,14
19,Emma Gurnell,So,C,5-6,36,8,5,6,11,77,,,3,,1,,1,0,,510,208,302,0.408,8,16,,,-12,,,11,23
13,Rachel Agerter,Fr,F,5-3,32,20,3,5,8,65,,,,,,,1,0,,19,9,10,0.474,1,2,,,-17,,,13,30
9,Caroline Lilly,Fr,C,5-7,36,5,1,1,2,72,,,,,,,,0,,515,204,311,0.396,6,12,,,-3,,,11,14
15,Alexa Hanrahan,Fr,F,5-5,36,22,10,9,19,95,,1,2,1,,,2,0,,39,12,27,0.308,14,28,,,-13,,,18,31
16,Kaitlyn Cielo,Fr,D,5-5,30,7,5,4,9,77,,,1,,,,3,0,,0,0,0,,27,65,,1,-5,,,13,18
2,Emma Laroche,Fr,F,-,15,0,,2,2,10,,,,,,,,0,,0,0,0,,2,4,,,0,,,2,2
7,Alyssa Kawa,So,F,5-5,8,3,6,1,7,28,,,1,,,,2,0,,13,10,3,0.769,4,8,,,-1,,,6,7
16,Jenna Hartung,Sr,F,5-4,33,4,4,4,8,53,,,1,,,,3,0,,53,20,33,0.377,6,12,,,0,,,10,10
12,Maggie Korneta,So,D,5-8,28,11,4,10,14,36,,,,,,,1,0,,1,1,0,1,,,,,4,,,16,12
9,Ashley Wright,Fr,D,-,35,6,,4,4,22,,,,,,,,0,,0,0,0,,6,12,,,-1,,,16,17
18,Lauren Maras,Fr,C,-,30,12,4,11,15,53,,,1,,,,1,0,,163,91,72,0.558,5,10,,,3,,,17,14
19,Jenna Sharland,Fr,D,-,29,6,1,4,5,19,,,,,,,1,0,,0,0,0,,12,24,,,-1,,,9,10
24,Sydnee Wilson,So,C,5-6,18,0,1,4,5,8,,,,,,,,0,,77,30,47,0.39,1,2,,,4,,,7,3
5,Anna Caumo,So,F,-,34,10,10,10,20,84,,1,2,,,,3,0,1,17,5,12,0.294,17,34,,,8,,,21,13
15,Ella Dunn,Fr,F,-,11,1,1,,1,8,,,,,,,,0,,4,1,3,0.25,2,4,,,-2,,,2,4
21,Courtney Swenson,Fr,D,-,34,1,1,3,4,9,,,,,,,,0,,0,0,0,,3,6,,,-1,,,9,10
22,Caroline May,Fr,F,-,16,0,,,0,7,,,,,,,,0,,0,0,0,,,,,,-4,,,,4
4,Delaney Bonifacio,Sr,D,5-7,35,16,1,5,6,37,,,,,,,,0,,0,0,0,,7,14,,,10,,,23,13
6,Grace Schuck,So,C,5-4,34,4,8,5,13,52,,,2,,,,,0,1,343,160,183,0.466,8,16,,,9,,,15,6
23,McKenzie Rich,So,D,5-5,33,5,1,8,9,59,,,,,,,1,0,,1,1,0,1,15,33,,,-7,,,9,16
3,Memphis Mertens,So,F,5-4,32,2,3,4,7,45,,,,,,,,0,,0,0,0,,3,6,,,1,,,9,8
8,Kylie Huseth,So,D,5-4,34,9,1,1,2,25,,,,,,,,0,,1,1,0,1,12,24,,,5,,,15,10
14,Mikayla Kelley,Jr,C,5-9,27,11,12,11,23,106,1,,5,,1,,3,0,,534,299,235,0.56,8,16,,,2,,,21,19
10,Julia Stevens,Jr,D,5-9,35,21,2,13,15,56,,,,,,,,0,,2,1,1,0.5,8,16,,,0,,,25,25
20,Jenna Ruiz,Sr,C,5-4,34,19,9,12,21,109,,,2,1,,,2,0,,748,404,344,0.54,7,14,,,8,,,26,18
11,Claire Casey,Sr,F,5-6,35,18,8,10,18,89,,,3,,1,,1,0,,0,0,0,,8,16,,,7,,,23,16
13,Emilie Prive,Sr,F,5-5,35,16,7,14,21,84,,1,1,,,,2,0,,4,0,4,0,11,33,1,,2,,,25,23
26,Alexandria Cistolo,So,D,-,27,0,1,2,3,26,,,,,,,,0,,0,0,0,,5,10,,,4,,,7,3
34,Milana Butera,So,F,5-6,31,1,1,3,4,16,,,,,,,,0,,0,0,0,,3,6,,,-1,,,3,4
12,Emma Mörtl,So,D,5-7,36,13,3,11,14,56,,,2,,1,,1,0,,0,0,0,,,,,,13,,,27,14
26,Anna Fairman,Sr,D,5-7,37,19,1,5,6,57,,,,,,,1,0,,0,0,0,,2,4,,,6,,,22,16
17,Paige Vreeman,So,F,5-9,36,4,1,3,4,31,,,,,,,,0,,2,1,1,0.5,1,2,,,-3,,,8,11
55,Anya Weilandt,So,F,5-5,37,12,5,5,10,71,,,2,,,,,0,,0,0,0,,5,10,,,5,,,21,16
77,Ryane Kearns,So,C,5-10,37,5,5,7,12,35,1,1,1,,,,2,0,,479,235,244,0.491,12,35,1,,-1,,,16,17
5,Mary Rachel Lenaeus,Jr,F,5-7,35,4,4,1,5,30,,,,,,,,0,,1,0,1,0,3,6,,,7,,,16,9
7,Journey Miller,Jr,F,5-4,37,6,1,9,10,53,,,,,,,,0,,76,36,40,0.474,6,12,,,2,,,15,13
16,Jeannie Wallner,Jr,C,5-10,37,12,20,14,34,98,,,9,,1,,3,0,1,565,323,242,0.572,9,18,,,20,,,33,13
91,Bri Eid,Jr,D,5-7,37,18,2,18,20,92,,,1,,1,,,0,,0,0,0,,13,26,,,13,,,36,23
4,Maggie Culp,Sr,F,5-8,34,13,5,10,15,91,,,1,,,,2,0,1,0,0,0,,19,38,,,-4,,,15,19
11,Sarah Rourke,Sr,C,5-3,37,19,8,14,22,82,,1,3,,,,1,0,,666,347,319,0.521,7,14,,,9,,,28,19
8,Ashley Morrow,Sr,F,5-3,35,11,10,9,19,68,1,,,,,,1,0,,2,1,1,0.5,3,6,,,16,,,26,10
29,Lisa Schröfl,So,D,5-5,34,9,1,5,6,21,,,,,,,,0,,0,0,0,,4,8,,,11,,,23,12
3,Ella Knewtson,Fr,D,5-6,31,5,,2,2,23,,,,,,,,0,,0,0,0,,3,6,,,2,,,15,13
19,Izzy Krause,Fr,F,5-7,4,0,,,0,2,,,,,,,,0,,0,0,0,,1,2,,,-1,,,1,2
6,Ceilidh Campbell,Sr,F,5-11,36,4,,2,2,11,,,,,,,,0,,0,0,0,,5,10,,,0,,,11,11
13,Mikayla Lantto,Sr,F,5-9,37,18,20,11,31,181,,1,5,,2,,3,0,,6,3,3,0.5,18,39,,,17,,,34,17
27,Victoria Petruska,Fr,F,5-7,9,0,,,0,7,,,,,,,,0,,0,0,0,,,,,,-1,,,,1
2,Grace Babington,Fr,F,5-11,37,6,9,7,16,92,,,4,,,,3,0,,90,49,41,0.544,4,8,,,5,,,17,12
24,Saige McKay,Sr,D,5-4,33,6,,2,2,24,,,,,,,,0,,0,0,0,,6,12,,,-1,,,16,17
18,Sam Mathe,Fr,D,5-9,7,0,,,0,3,,,,,,,,0,,0,0,0,,1,2,,,-1,,,,1
19,Tymmarie Grom,So,C,5-4,37,17,3,8,11,57,,,2,,1,,,0,,437,195,242,0.446,7,14,,,-21,,,12,33
5,Maddy Noonan,So,F,5-4,36,21,3,10,13,53,,,,,,,,0,,85,28,57,0.329,3,6,,,-11,,,13,24
9,Sajel Desai,Jr,D,5-7,34,19,4,2,6,51,,,,,,,3,0,,1,1,0,1,16,40,1,,-21,,,11,32
17,Holly Kubichek,Sr,F,5-4,32,5,1,2,3,19,,,,,,,,0,,4,2,2,0.5,,,,,-8,,,4,12
8,Jade Giesbrecht,Sr,C,5-1,21,1,,,0,13,,,,,,,,0,,173,70,103,0.405,,,,,-15,,,,15
28,Caisey Oetelaar,Jr,D,5-4,37,14,2,5,7,57,,,2,,,,,0,,1,0,1,0,16,32,,,-22,,,13,35
27,Julia Wysocki,Jr,C,5-9,36,6,5,4,9,62,,,,,,,3,0,1,376,177,199,0.471,11,30,,1,-19,,,8,27
13,Hannah Luckman,Jr,F,5-3,35,5,1,1,2,27,,,1,,,,,0,,0,0,0,,1,2,,,-20,,,3,23
29,Angeline Pitter,Jr,D,5-6,37,19,,3,3,19,,,,,,,,0,,1,0,1,0,6,12,,,-27,,,8,35
6,Tristan Currie,So,C,5-7,36,18,8,6,14,58,,,1,,,,2,0,,201,84,117,0.418,6,12,,,-16,,,11,27
16,Rylee Patfield,So,F,5-9,36,4,3,2,5,37,,,1,,,,,0,,7,3,4,0.429,7,14,,,-21,,,5,26
2,Dani Ammons,Fr,D,5-5,37,14,,7,7,48,,,,,,,,0,,1,0,1,0,3,6,,,-30,,,9,39
18,Celena Mickevicius,Fr,F,5-5,37,9,1,4,5,57,,,1,,,,1,0,,12,6,6,0.5,6,12,,,-17,,,5,22
21,Jodie Rose,Fr,D,5-4,34,6,2,5,7,38,,,,,,,1,0,,126,59,67,0.468,14,28,,,-13,,,10,23
11,Noa Farberman,Fr,F,5-2,35,4,2,2,4,43,,,,,,,,0,,5,3,2,0.6,5,10,,,-13,,,4,17
12,Macy Peterson,Fr,C,5-8,37,10,5,3,8,75,,,,,,,3,0,,512,225,287,0.439,9,26,1,,-21,,,7,28
10,Jet Devlin,Fr,F,5-2,37,7,1,3,4,40,,,,,,,,0,,11,2,9,0.182,3,6,,,-14,,,7,21
22,Jowayria Tilly,Fr,F,5-1,8,0,,,0,1,,,,,,,,0,,0,0,0,,,,,,-11,,,,11
23,Brooke Larsen,Fr,D,5-5,33,3,,,0,6,,,,,,,,0,,2,0,2,0,5,10,,,-15,,,5,20
3,Marley Webster,Fr,D,5-7,32,3,,,0,12,,,,,,,,0,,0,0,0,,,,,,-17,,,3,20
18,Amelia Lynch,Fr,F,-,24,0,,,0,6,,,,,,,,0,,34,13,21,0.382,1,2,,,-4,,,,4
28,Isabella Chaput,Fr,F,-,38,12,12,7,19,129,,1,4,,1,,2,0,1,6,3,3,0.5,7,14,,,4,,,22,18
4,Cassie Nevers,Sr,D,-,37,6,10,5,15,102,,,2,,,,1,0,,0,0,0,,4,16,1,,-8,,,17,25
27,Kate Helgeson,Jr,F,5-7,31,15,5,13,18,52,,,1,,,,,0,,0,0,0,,3,6,,,6,,,20,14
2,Sophie Lupone,Sr,C,-,38,6,6,13,19,69,,,,,,,3,0,,644,270,374,0.419,18,36,,,-7,,,20,27
32,Emily Wisnewski,Sr,D,5-9,38,13,2,3,5,46,,,2,,,,1,0,,0,0,0,,7,14,,,-8,,,15,23
5,Peyton Bennetts,Fr,D,-,35,1,,7,7,15,,,,,,,,0,,0,0,0,,1,2,,,2,,,14,12
25,Grayson Limke,Fr,F,-,38,5,4,7,11,69,,,,,,,,0,,43,14,29,0.326,2,4,,,2,,,18,16
22,Chase Rutty,Fr,D,-,5,0,,,0,,,,,,,,,0,,0,0,0,,,,,,-3,,,1,4
17,Stephanie Nevers,Sr,F,5-7,5,0,,,0,1,,,,,,,,0,,0,0,0,,,,,,-2,,,,2
9,Campbell Heger,Fr,F,-,8,0,,1,1,4,,,,,,,,0,,9,4,5,0.444,,,,,-7,,,,7
7,Iyla Ryskamp,So,C,-,38,15,4,2,6,81,,,,,,,,0,,274,135,139,0.493,4,8,,,-2,,,14,16
29,Sydney Antonakis,Jr,C,-,34,12,7,10,17,104,,,2,,,,2,0,1,647,324,323,0.501,6,12,,,1,,,14,13
16,Macey Merdinian,So,D,-,8,0,,,0,,,,,,,,,0,,0,0,0,,,,,,,,,,
20,Kailey Smith,So,D,-,38,16,3,4,7,37,,,1,,,,1,0,,9,4,5,0.444,11,22,,,-5,,,13,18
15,Jenna Nikles,So,F,-,9,2,1,,1,21,,,,,,,1,0,,9,5,4,0.556,4,19,1,,-5,,,3,8
14,Julianna Koman,So,D,-,38,22,2,5,7,60,,,,,,,1,0,,1,0,1,0,9,18,,,-3,,,15,18
6,Olivia Laroche,So,D,-,37,22,1,8,9,52,,,,,,,1,0,,1,0,1,0,17,34,,,-13,,,18,31
11,Ella Dahl,So,F,-,13,0,,,0,4,,,,,,,,0,,0,0,0,,,,,,,,,,
12,Katie Keenan,Jr,F,-,1,0,,,0,2,,,,,,,,0,,0,0,0,,,,,,1,,,1,
13,Nicole Bessinger,Jr,F,-,35,4,1,1,2,45,,,,,,,,0,,62,20,42,0.323,2,4,,,-2,,,8,10
21,Kerryn O'Connell,Jr,F,-,31,0,2,,2,19,,,,,,,,0,,1,0,1,0,3,6,,,-3,,,2,5
10,Erin Fleming,Sr,D,-,24,9,,3,3,30,,,,,,,,0,,1,1,0,1,15,30,,,-3,,,15,18
24,Samantha Ostrowski,Sr,F,-,8,1,,,0,,,,,,,,,0,,3,1,2,0.333,,,,,-2,,,,2
19,Maddie Rinklin,Sr,D,-,26,1,,2,2,17,,,,,,,,0,,2,2,0,1,10,23,,,8,,,15,7
26,Paige McNeil,Sr,C,-,36,21,9,9,18,101,,1,2,,,,1,0,,431,191,240,0.443,19,38,,,-9,,,17,26
3,Anastasia Sloan,Jr,D,-,38,7,1,2,3,46,,,1,,,,,0,,1,0,1,0,10,20,,,-9,,,13,22
18,Lilly Hartnell,So,F,5-4,18,0,,1,1,9,,,,,,,,0,,0,0,0,,3,17,,,-1,,,1,2
2,Ella Ridge,So,D,5-5,30,1,,5,5,22,,,,,,,,0,,0,0,0,,5,10,,,2,,,18,16
6,Sydney Merritt,So,F,5-6,22,2,1,,1,12,,,,,,,,0,,43,12,31,0.279,1,2,,,1,,,5,4
25,Brooklyn Schneiderhan,So,F,5-5,37,26,17,11,28,187,2,1,2,,,,1,0,1,74,37,37,0.5,3,6,,,14,,,30,16
4,Mackenzie Moss,So,F,5-3,7,0,,,0,2,,,,,,,,0,,0,0,0,,,,,,-2,,,,2
23,Natalie Tulchinsky,Sr,C,5-4,37,19,20,22,42,164,2,,2,,1,,4,0,2,719,391,328,0.544,7,14,,,20,,,46,26
16,Heather McAvoy,Jr,D,5-3,28,2,,,0,13,,,,,,,,0,,0,0,0,,9,18,,,-5,,,9,14
21,Audrey Jackson,Jr,F,5-7,36,4,12,13,25,151,,,2,,,,1,0,1,4,2,2,0.5,7,14,,,8,,,33,25
7,Tyra Turner,Jr,F,5-6,33,19,6,15,21,98,1,,1,,,,2,0,,6,3,3,0.5,6,12,,,-1,,,24,25
10,Gracee Donovan,Jr,C,5-9,37,2,13,6,19,104,1,,2,1,,,2,0,1,274,158,116,0.577,6,12,,,2,,1,18,16
5,Madi Ressler,Jr,D,5-9,32,25,1,8,9,53,,,,,,,1,0,,2,0,2,0,16,32,,,6,,,28,22
14,Brinna Martin,Sr,D,5-5,37,29,6,8,14,94,,,2,,1,,5,0,,0,0,0,,13,34,,,13,,,30,17
20,Abigail Blair,Sr,F,5-0,35,3,1,3,4,31,,,1,,,,,0,,92,48,44,0.522,6,12,,,5,,,10,5
28,Celesta Paolucci,Sr,F,5-5,30,2,3,1,4,36,,1,1,,,,,0,,1,1,0,1,8,16,,,6,,,7,1
9,Savannah Popick,Sr,D,5-9,37,5,4,13,17,55,,,1,,,,2,0,,0,0,0,,7,14,,,11,,,33,22
11,Claire Weber,Sr,F,5-7,37,10,11,14,25,88,1,,3,,,,1,0,1,8,4,4,0.5,13,26,,,9,,,32,23
15,Claire Kuipers,Sr,D,5-4,27,2,,,0,10,,,,,,,,0,,0,0,0,,1,2,,,1,,,12,11
26,Gracie Bruno,Sr,F,5-2,1,0,,,0,,,,,,,,,0,,0,0,0,,,,,,,,,,
22,Maddy McCaffery,Sr,C,5-7,37,17,9,10,19,67,1,1,2,,,,6,0,,732,420,312,0.574,8,16,,,7,,,26,19
3,Emersynn McGillis,So,D,5-9,36,13,1,,1,25,,,,,,,1,0,,0,0,0,,24,59,1,,-34,,,7,41
23,Elisabeth Gerebi,So,C,5-5,36,13,3,4,7,41,,,,,,,,0,,644,244,400,0.379,1,2,,,-20,,,9,29
28,Lauren Fisher,So,F,5-5,32,8,2,5,7,62,,,,,,,1,0,,0,0,0,,7,14,,,-33,,,4,37
24,Grace Canterbury,Jr,F,5-3,34,12,3,6,9,62,1,,,,,,1,0,,10,2,8,0.2,3,6,,,-32,,,9,41
13,Gaby Tribelli,Jr,D,5-2,36,11,,4,4,34,,,,,,,,0,,0,0,0,,4,8,,,-48,,,10,58
22,Jace Zapata,Sr,D,5-4,36,22,2,4,6,31,,,,,,,,0,,0,0,0,,10,20,,,-57,,,11,68
8,Mikaela Langbacka,Sr,F,5-4,36,14,6,6,12,145,,,,,,,2,0,,12,6,6,0.5,4,8,,,-40,,,11,51
2,Darby Rich,Sr,D,5-9,11,2,,,0,6,,,,,,,,0,,0,0,0,,3,6,,,-10,,,1,11
9,Emma Kelly,Sr,C,5-6,34,15,3,2,5,38,,,,,,,1,0,,472,175,297,0.371,4,8,,,-46,,,6,52
18,Mary Leys,Sr,F,5-4,36,16,4,7,11,77,,,,,,,2,0,,25,11,14,0.44,4,8,,,-41,,,9,50
26,Angelina Ruiz,Jr,C,5-7,25,7,4,4,8,78,,,,,,,1,0,,124,37,87,0.298,10,34,1,,-19,,,7,26
6,Isabel Goolie,Fr,F,5-4,24,8,,,0,18,,,,,,,,0,,35,6,29,0.171,5,10,,,-17,,,2,19
15,Anna Jerylo,Fr,C,5-4,36,5,,5,5,34,,,,,,,,0,,187,72,115,0.385,11,22,,,-30,,,6,36
4,Maddie Quinn,Fr,D,5-7,35,11,2,3,5,28,,,,,,,1,0,,0,0,0,,9,18,,,-38,,,7,45
12,Dedra Lyver,Fr,F,6-0,7,0,,,0,2,,,,,,,,0,,21,9,12,0.429,,,,,-1,,,,1
7,Victoria FitzGibbon,Fr,D,5-7,31,13,,3,3,50,,,,,,,,0,,0,0,0,,5,10,,,-28,,,11,39
14,Alizée LeBlanc,Fr,C,5-6,36,8,5,4,9,59,,,,,,,2,0,,356,143,213,0.402,15,30,,,-41,,,7,48
19,Ella Oakes,Fr,F,5-9,13,0,,,0,8,,,,,,,,0,,1,0,1,0,3,6,,,-1,,,1,2
10,Naomi Tink,Fr,F,5-3,34,2,1,,1,13,,,,,,,,0,,123,34,89,0.276,,,,,-16,,,1,17
55,Pusle Dyring-Andersen,Fr,D,5-9,38,17,1,11,12,47,,,,,,,1,0,,0,0,0,,11,22,,,0,,,31,31
27,Makenna Slocum,Fr,F,5-7,30,6,3,3,6,23,,,1,,,,,0,,2,2,0,1,4,8,,,2,,,7,5
11,Peyton Wise,Fr,F,5-5,39,2,4,6,10,63,,1,,,,,,0,,42,19,23,0.452,9,18,,,-1,,,14,15
44,Grace Parker,Sr,D,5-8,39,22,1,8,9,57,,,,,,,1,0,,0,0,0,,11,22,,,5,,,28,23
15,Maddison Achtyl,So,F,5-6,36,12,13,10,23,95,2,,3,,1,,2,0,,14,8,6,0.571,7,14,,,6,,,29,23
20,Maeve Carey,So,D,5-4,39,21,4,5,9,86,,,,,,,1,0,,0,0,0,,34,71,,,-7,,,30,37
16,Lily Barrett,So,D,5-3,37,1,,6,6,38,,,,,,,,0,,0,0,0,,4,8,,,1,,,17,16
17,Lily Geist,So,F,5-9,38,13,10,8,18,111,,1,2,,,,1,0,,0,0,0,,4,8,,,8,,,25,17
18,Mia Kenmore,So,F,5-5,28,0,,,0,23,,,,,,,,0,,57,35,22,0.614,1,2,,,-9,,,3,12
19,Lucie Turcotte,So,F,5-6,35,2,5,4,9,43,,,2,,,,,0,,16,5,11,0.313,7,14,,,-3,,,14,17
24,Bailey Feeney,So,F,5-3,39,3,10,7,17,71,,2,2,,1,,2,0,,4,3,1,0.75,9,18,,,-4,,,16,20
13,Gracie Sacca,So,F,5-8,33,15,6,6,12,80,,1,1,,,,,0,,24,9,15,0.375,15,30,,,-7,,,22,29
22,Josie Mendeszoon,Jr,C,5-11,39,13,6,15,21,66,,,1,,,,1,0,,552,291,261,0.527,6,12,,,13,,,30,17
4,Alexis Petford,So,F,5-5,39,24,20,15,35,188,,,5,2,1,,7,0,,11,7,4,0.636,5,10,,,0,,,31,31
9,Kathryn Karo,So,C,5-4,39,2,6,2,8,79,,,1,,,,,0,,387,223,164,0.576,7,14,,,-10,,,15,25
21,Paige Whaley,Sr,C,5-6,33,17,9,9,18,60,,,3,,,,5,0,,609,344,265,0.565,10,20,,,-9,,,19,28
8,Sarah Taylar,So,D,5-5,37,0,,5,5,33,,,,,,,,0,,0,0,0,,8,16,,,1,,,21,20
12,Brianna Walkom,So,C,5-4,39,7,,7,7,25,,,,,,,,0,,488,274,214,0.561,8,16,,,-3,,,13,16
14,Sydney Russell,So,D,5-9,39,17,3,11,14,74,1,1,,,,,,0,,2,0,2,0,2,4,,,1,,,28,27
10,Raeley Carney,So,C,5-7,35,1,,2,2,28,,,,,,,,0,,277,126,151,0.455,8,16,,,-16,,,5,21
21,McKayla Zilisch,So,C,5-7,36,0,,3,3,26,,,,,,,,0,,210,70,140,0.333,,,,,-25,,,5,30
11,Genevieve Hendrickson,Jr,C,5-6,36,1,1,4,5,37,,,,,,,,0,,390,174,216,0.446,2,4,,,-21,,,6,27
27,Mya Headrick,So,F,5-8,32,1,1,,1,36,,,,,,,,0,,1,0,1,0,5,10,,,-22,,,4,26
2,Makenna Deering,Jr,D,5-6,36,20,1,5,6,50,,,,1,,,,0,,1,0,1,0,19,49,1,,-44,,,23,67
20,Gabbie Smith,Sr,C,5-6,36,31,1,11,12,55,1,,,,,,,0,,713,334,379,0.468,13,34,1,,-34,,,14,48
8,Taylor Nelson,Sr,F,5-4,36,33,7,5,12,82,,,1,,1,,1,0,,14,4,10,0.286,2,4,,,-33,,,16,49
12,Kayla Santl,Sr,F,5-7,36,4,6,4,10,47,,1,,,,,1,0,,5,0,5,0,3,6,,,-29,,,11,40
17,Calli Forsberg,Sr,F,5-6,33,4,1,,1,27,,,,,,,,0,,0,0,0,,8,16,,,-34,,,5,39
19,Khloe Lund,Sr,D,5-3,36,16,2,5,7,45,,,,,,,1,0,,1,0,1,0,8,16,,,-40,,,11,51
7,Shelby Breiland,Jr,C,5-7,33,3,2,4,6,17,,,1,,,,,0,,234,88,146,0.376,8,27,1,,-31,,,8,39
16,Alyssa Watkins,Jr,F,5-7,34,4,3,2,5,30,,,1,,,,,0,,14,6,8,0.429,2,4,,,-32,,,8,40
26,Kendra Fortin,Jr,D,5-5,36,1,,2,2,17,,,,,,,,0,,0,0,0,,7,14,,,-42,,,5,47
13,Talya Hendrickson,Fr,F,5-5,33,0,3,2,5,34,,,,,,,,0,,1,0,1,0,2,4,,,-20,,,7,27
14,Kate Johnson,Fr,F,5-4,35,5,2,4,6,49,1,,,,,,,0,,37,23,14,0.622,,,,,-22,,,8,30
3,Olivia Dronen,Fr,D,5-6,36,13,2,3,5,37,,,,,,,,0,,0,0,0,,13,29,,,-34,,,9,43
5,Ana Davis,Fr,D,5-7,24,3,,,0,14,,,,,,,,0,,0,0,0,,4,8,,,-20,,,3,23
18,Riley Reeves,Fr,D,5-8,34,17,1,5,6,19,,,,,,,1,0,,0,0,0,,10,23,,,-33,,,21,54
15,Shelby Sandberg,Fr,F,5-4,20,0,,1,1,5,,,,,,,,0,,6,3,3,0.5,,,,,-8,,,1,9
29,Hailey Armstrong,Fr,F,5-6,35,23,9,1,10,72,,1,1,,,,1,0,,1,0,1,0,,,,,-25,,,13,38
2,Taylor Stewart,Sr,D,5-10,39,37,2,6,8,41,1,1,2,,,,,0,,0,0,0,,5,10,,,15,,,38,23
27,Solveig Neunzert,Sr,D,5-9,39,0,1,5,6,25,,,,,,,,0,,0,0,0,,2,4,,,9,,,24,15
12,Isa Goetll,Fr,F,5-1,1,0,,,0,,,,,,,,,0,,0,0,0,,,,,,,,,,
5,Madeline Wethington,Sr,D,5-10,39,37,5,19,24,93,,,,,,,,0,,0,0,0,,10,20,,,20,,,45,25
22,Elly Klepinger,Fr,D,5-9,24,0,,,0,1,,,,,,,,0,,0,0,0,,,,,,1,,,3,2
13,Emma Kreisz,Fr,C,5-9,39,2,6,19,25,101,,,3,,,,4,0,,391,178,213,0.455,15,30,,,-1,,,22,23
21,Lauren O'Hara,Fr,F,5-11,36,0,4,,4,37,,,,,,,,0,,37,16,21,0.432,3,6,,,-1,,,6,7
9,Ava Lindsay,Fr,F,5-6,39,3,9,15,24,96,,1,2,,,,5,0,,35,23,12,0.657,1,2,,,-4,,,18,22
16,Allie Franco,So,F,5-7,37,0,1,2,3,21,,,,,,1,,0,,44,10,34,0.227,,,,,2,,,5,3
29,Madison Kaiser,So,C,5-7,38,1,8,11,19,58,,1,1,,,,1,0,,448,219,229,0.489,15,30,,,0,,,21,21
7,Nelli Laitinen,So,D,5-7,39,2,6,17,23,57,,,1,,,,2,0,,1,0,1,0,5,10,,,9,,,37,28
11,Josefin Bouveng,So,F,5-9,39,32,19,31,50,122,,1,4,,,,4,0,,4,1,3,0.25,6,12,,,26,,,47,21
18,Abbey Murphy,Jr,F,5-5,39,38,33,29,62,205,2,1,7,1,,,13,0,1,131,74,57,0.565,45,118,1,,34,,,57,23
8,Sadie Lindsay,Jr,F,5-7,35,1,2,3,5,21,,,1,,,,,0,,0,0,0,,1,2,,,-5,,,7,12
15,Peyton Hemp,Jr,C,5-5,39,1,14,16,30,107,1,1,1,,1,,4,0,,415,249,166,0.6,8,16,,,3,,1,27,24
20,Emma Conner,Jr,F,5-8,15,0,1,1,2,6,,,,,,,,0,,0,0,0,,2,4,,,2,,,3,1
26,Ella Huber,Jr,C,5-6,39,38,18,24,42,122,1,1,3,,,2,3,0,1,842,440,402,0.523,15,30,,,29,,,50,21
10,Emily Zumwinkle,Jr,D,5-9,38,0,,3,3,35,,,,,,,,0,,0,0,0,,,,,,6,,,20,14
23,Tristana Tatur,Jr,F,5-8,1,0,,,0,1,,,,,,,,0,,0,0,0,,,,,,,,,,
4,Audrey Wethington,Sr,F,5-7,39,1,4,11,15,80,1,,2,,,,1,0,,7,1,6,0.143,6,12,,,0,,,18,18
14,Maggie Nicholson,Sr,D,5-9,39,2,2,8,10,24,,,,,,,,0,,0,0,0,,4,8,,,7,,,28,21
17,Josey Dunne,Sr,D,5-10,5,0,,,0,2,,,,,,,,0,,14,10,4,0.714,,,,,1,,,1,
8,Danielle Burgen,So,F,5-5,39,10,6,5,11,75,,,1,,,,1,0,,1,0,1,0,12,24,,,12,,,21,9
19,Tova Henderson,So,D,5-8,39,21,1,7,8,54,,,1,,1,,1,0,,0,0,0,,3,6,,,-5,,,14,19
23,Danielle Brunette,So,F,5-8,32,0,2,,2,6,,,,,,,,0,,0,0,0,,2,4,,,2,,,2,
18,Gabby Krause,Jr,F,5-6,34,14,3,4,7,39,,,,,,,1,0,,2,0,2,0,4,8,,,4,,,15,11
22,Jenna Lawry,Jr,C,5-11,39,0,4,8,12,67,,,1,,,,,0,,428,199,229,0.465,5,10,,,5,,,17,12
20,Brenna Fuhrman,Jr,D,5-7,38,0,,1,1,34,,,,,,,,0,,1,1,0,1,11,22,,,1,,,14,13
10,Hanna Baskin,Jr,D,5-9,37,18,5,13,18,56,,1,,,,1,,0,,0,0,0,,3,6,,,22,,,39,17
3,Mary Kate O'Brien,So,F,5-4,39,14,7,7,14,86,,,1,,,,1,0,,116,55,61,0.474,5,13,,,4,,,22,18
11,Katie Davis,Sr,F,5-2,22,0,2,2,4,28,,,,,,,,0,,0,0,0,,5,10,,,-6,,,4,10
25,Clara Van Wieren,Sr,C,5-10,39,16,13,11,24,138,,,5,,,1,5,0,1,606,268,338,0.442,15,30,,,3,,,26,23
28,Nina Jobst-Smith,Sr,D,5-7,39,32,4,8,12,116,,,,,,,2,0,,1,1,0,1,8,19,,,4,,,25,21
6,Payton Holloway,Fr,F,5-8,32,0,,2,2,7,,,,,,,,0,,24,11,13,0.458,,,,,1,,,4,3
7,Grace Sadura,Fr,F,5-7,39,1,3,4,7,51,,,1,,,,,0,,0,0,0,,6,12,,,8,,,13,5
24,Ida Karlsson,Fr,D,5-9,39,7,1,12,13,47,,,,,,,,0,,0,0,0,,9,18,,,11,,,32,21
4,Quinn Dunkle,Fr,D,5-10,34,0,,1,1,5,,,,,,,,0,,0,0,0,,1,2,,,0,,,4,4
14,Olivia Wallin,Sr,F,5-7,39,14,6,18,24,96,,,1,,,,1,0,,2,1,1,0.5,6,12,,,4,,,28,24
16,Mannon McMahon,Sr,C,5-7,39,28,14,17,31,128,1,,4,,1,,1,0,1,922,522,400,0.566,14,28,,,9,,,34,25
29,Reece Hunt,Sr,F,5-5,39,20,18,16,34,118,,,6,,,,3,0,2,0,0,0,,9,18,,,10,,,34,24
12,Paula Bergström,So,D,5-8,38,0,,4,4,15,,,,,,,,0,,1,1,0,1,3,6,,,7,,,15,8
6,Lilie Ramirez,So,D,5-5,38,23,,10,10,20,,,,,,,,0,,0,0,0,,2,4,,,-8,,,28,36
15,Kianna Roeske,So,D,5-5,38,0,2,3,5,44,,,,,,,,0,,0,0,0,,7,14,,,1,,,24,23
24,Taylor Otremba,So,F,5-5,38,24,8,15,23,120,,,,,,,2,0,,6,1,5,0.167,6,12,,,2,,,29,27
7,Whitney Tuttle,So,C,5-5,38,17,10,16,26,65,1,,,,,,,0,,207,101,106,0.488,6,12,,,-2,,,29,31
21,Jessica Boland,Jr,C,5-3,35,0,,6,6,21,,,,,,,,0,,246,114,132,0.463,2,4,,,-1,,,13,14
14,Alexis Paddington,Jr,C,5-9,34,11,4,9,13,91,,,1,,,,,0,,440,219,221,0.498,8,19,,,-8,,,19,27
18,Jayden Seifert,Jr,D,5-8,34,0,,5,5,11,,,,,,,,0,,1,1,0,1,1,2,,,-10,,,17,27
11,Shelbi Guttormson,Jr,D,5-9,38,0,2,3,5,48,,,,,,,,0,,0,0,0,,22,44,,,-10,,,23,33
10,Jamie Nelson,Sr,C,5-8,38,19,20,10,30,126,1,1,5,,1,,3,0,,159,60,99,0.377,2,4,,,-4,,,31,35
22,Madison Mashuga,Sr,F,5-5,25,1,3,8,11,30,,,,,,,,0,,39,15,24,0.385,4,8,,,-6,,,15,21
3,Sydney Langseth,Sr,C,5-9,38,27,15,17,32,99,,,3,,,,4,0,,822,438,384,0.533,5,13,,,2,,,33,31
17,Lauren Zawoyski,Fr,F,5-10,32,0,1,5,6,27,,,,,,,,0,,0,0,0,,2,7,,,0,,,10,10
26,Jenessa Gazdik,Fr,D,5-7,33,7,3,4,7,28,,,,,,,1,0,,0,0,0,,4,8,,,-3,,,18,21
8,Charlotte Akervik,Sr,D,5-10,34,31,5,8,13,59,,,,,,,3,0,,0,0,0,,7,17,,,-4,,,23,27
9,Kamryn Van Batavia,Fr,F,6-1,35,0,5,4,9,42,,,1,,,,,0,,0,0,0,,3,6,,,-4,,,15,19
25,Claire Vekich,Jr,F,5-9,37,1,7,6,13,63,,,1,,,,1,0,,4,2,2,0.5,10,20,,,-6,,,18,24
12,Kennedy Bobyck,Sr,F,5-1,38,14,6,11,17,84,1,,1,,,,1,0,,0,0,0,,7,14,,,-9,,1,19,28
13,JuliAnna Gazdik,Fr,D,5-7,38,15,2,10,12,51,,,,,,,1,0,,0,0,0,,5,10,,,-1,,,25,26
20,Mackenzie Bourgerie,Jr,F,5-5,25,0,4,4,8,28,,,1,,,,,0,,64,28,36,0.438,4,8,,,-1,,,10,11
28,Ava Guillemette,Fr,F,5-10,21,0,,3,3,11,,,,,,,,0,,75,42,33,0.56,,,,,-2,,,3,5
22,Sloane Matthews,So,C,5-6,39,7,13,15,28,115,,,3,,,,,0,,423,230,193,0.544,2,4,,,37,,,42,5
28,Sofie Lundin,So,F,5-5,9,0,1,,1,5,,,,,,,,0,,0,0,0,,,,,,4,,,7,3
8,Makenna Webster,Jr,F,5-2,31,11,12,14,26,62,,,2,,,,,0,,8,4,4,0.5,3,6,,,36,,,44,8
7,Emma Peschel,So,D,5-10,36,9,7,16,23,85,,,,,,,2,0,,0,0,0,,2,4,,,34,,,43,9
10,Jenna Buglioni,Sr,C,5-3,35,14,15,23,38,94,3,1,5,,1,,2,0,1,616,328,288,0.532,11,22,,,42,,,52,10
13,Riley Brengman,Sr,D,5-5,39,3,1,12,13,50,,,,,,,,0,,1,0,1,0,7,14,,,44,,,49,5
27,Jordan Baxter,Fr,C,5-7,39,3,5,10,15,72,,,,,,,1,0,,283,164,119,0.58,4,8,,,17,,,27,10
16,Joy Dunne,Fr,F,5-11,39,6,24,18,42,157,,,6,,,,4,0,2,11,6,5,0.545,11,22,,,39,,,45,6
23,Cayla Barnes,Jr,D,5-1,39,14,11,25,36,91,,,,,,,1,0,,1,1,0,1,14,28,,,71,,,79,8
15,Olivia Mobley,Sr,F,5-9,39,4,9,18,27,64,,,2,,,,,0,,6,1,5,0.167,6,12,,,25,,,34,9
19,Lauren Bernard,Sr,D,5-7,39,21,8,15,23,89,1,,2,,,,,0,,0,0,0,,1,2,,,47,,,64,17
12,Jennifer Gardiner,Sr,F,5-6,39,16,18,27,45,128,,,2,,1,,4,0,,24,9,15,0.375,1,2,,,40,,,56,16
6,Hadley Hartmetz,Sr,D,5-4,39,22,9,24,33,99,,2,,,,,2,0,1,0,0,0,,4,8,,,42,,,63,21
11,Kenzie Hauswirth,Sr,F,5-5,36,7,7,9,16,65,,,,,,,,0,,42,19,23,0.452,5,10,,,15,,,25,10
17,Jocelyn Amos,Fr,C,5-7,39,13,15,15,30,140,2,,4,,,,,0,,672,387,285,0.576,11,22,,,41,,,49,8
9,Hannah Bilka,Sr,F,5-5,39,18,22,26,48,127,1,,4,,1,,4,0,1,2,0,2,0,11,22,,,45,,,56,11
20,Kelsey King,Sr,F,5-8,39,5,6,10,16,57,,1,1,,,,,0,,6,4,2,0.667,7,14,,,25,,,30,5
21,Kiara Zanon,Sr,F,5-5,39,13,14,27,41,80,,,2,,,,1,0,,100,55,45,0.55,5,10,,,48,,,55,7
4,Stephanie Markowski,Sr,D,5-8,39,8,3,24,27,54,,,1,,,,,0,,0,0,0,,2,4,,,51,,,57,6
5,Delaney Fleming,Fr,F,5-4,21,1,1,1,2,20,,,1,,,,,0,,5,3,2,0.6,1,2,,,6,,,7,1
9,Svenja Voigt,So,F,5-4,28,3,1,1,2,7,,,,,,,,0,,0,0,0,,6,12,,,1,,,3,2
21,Avery Myers,Sr,F,5-7,34,0,1,3,4,16,,,1,,,,,0,,1,0,1,0,4,8,,,2,,,7,5
11,Laura Zimmermann,So,F,5-3,33,12,4,6,10,70,,,,,,1,1,0,,42,23,19,0.548,2,4,,,-1,,,15,16
43,Devyn Millwater,Jr,D,5-7,34,3,1,3,4,16,,,1,,,,,0,,0,0,0,,,,,,11,,,17,6
8,Grace Wolfe,Jr,D,5-9,11,4,3,4,7,19,,,,,,,,0,,0,0,0,,4,8,,,8,,,9,1
2,Dayle Ross,Jr,D,5-6,36,23,3,4,7,73,,,1,,,,2,0,,0,0,0,,15,30,,,3,,,26,23
20,Emma Gentry,Sr,C,5-10,31,17,12,6,18,139,,,5,,,1,2,0,1,494,264,230,0.534,13,26,,,6,,,17,11
27,Carmen Bray,Fr,D,-,16,2,,1,1,8,,,,,,,,0,,0,0,0,,,,,,-2,,,7,9
16,Avery Farrell,So,F,5-4,36,13,7,7,14,51,1,,,,,,,0,,139,62,77,0.446,5,10,,,1,,,17,16
10,Katie Kaufman,Sr,C,5-6,36,5,6,16,22,76,,,2,,,,4,0,,374,146,228,0.39,3,6,,,-4,,,16,20
6,Taylor Larson,Jr,D,5-8,35,23,2,6,8,35,,1,,,,,,0,,1,0,1,0,4,8,,,-1,,,19,20
7,Addi Scribner,Sr,C,5-7,36,3,2,4,6,52,,1,,1,,,,0,,248,112,136,0.452,4,8,,,-1,,,11,12
4,Alice Sauriol,Fr,F,5-4,36,12,6,9,15,45,,,1,,,,,0,,0,0,0,,6,12,,,7,,1,19,12
34,Sofianna Sundelin,Fr,F,5-7,36,4,1,7,8,50,,,,,,1,,0,,17,13,4,0.765,2,4,,,-6,,,8,14
24,Jaidyn Britt,Fr,D,5-8,8,0,,,0,,,,,,,,,0,,0,0,0,,,,,,1,,,1,
17,Ella Anick,Jr,D,5-6,36,10,3,11,14,58,,,1,,,,1,0,,0,0,0,,4,8,,,-2,,,24,26
39,Maddy Peterson,Sr,F,5-3,33,1,1,4,5,26,,,1,,,,,0,,0,0,0,,6,12,,,-3,,,8,11
13,Taylor Lind,Sr,C,5-7,32,17,7,8,15,76,,,,,,,4,0,,432,196,236,0.454,11,22,,,0,,,18,18
18,Greta Henderson,Fr,F,5-6,30,2,4,3,7,34,,,1,,,,1,0,1,13,7,6,0.538,4,8,,,0,,,8,8
12,Klára Hymlárová,Sr,C,5-4,36,14,8,16,24,94,1,1,1,,,,2,0,1,188,96,92,0.511,6,12,,,1,,1,26,25
28,CC Bowlby,Sr,F,5-4,34,12,6,10,16,70,1,,2,,,,1,0,,59,27,32,0.458,5,21,1,,2,,,19,17
4,Mary Zavoral,So,F,5-7,31,0,2,4,6,21,,1,,,,,,0,,83,38,45,0.458,1,2,,,-3,,,10,13
8,Emma McCauley,So,D,6-1,4,0,,,0,1,,,,,,,,0,,0,0,0,,,,,,,,,1,1
12,Maria Cooper,So,F,5-5,23,1,1,1,2,13,,,,,,,,0,,0,0,0,,3,6,,,-7,,,4,11
24,Haley Maxwell,So,D,5-4,37,9,2,5,7,33,,,,,,,,0,,0,0,0,,4,8,,,-20,,,17,37
9,Kate Haug,So,F,5-6,13,0,,1,1,4,,,,,,,,0,,11,4,7,0.364,2,4,,,-7,,,1,8
2,Maddy Clough,Jr,D,5-3,37,14,1,9,10,53,,,,,,1,1,0,,12,6,6,0.5,4,8,,,-34,,,24,58
22,Maddie Jurgensen,Jr,F,5-10,35,4,2,3,5,19,,,1,,,,1,0,,54,25,29,0.463,1,2,,,-12,,,10,22
20,Marki Oberg,Jr,F,5-4,10,0,1,,1,3,,,,,,,,0,,15,6,9,0.4,,,,,-2,,,2,4
21,Alli Pahl,Jr,D,5-10,37,1,1,1,2,15,,,,,,,,0,,2,0,2,0,2,4,,,-15,,,16,31
11,Abby Promersberger,Jr,F,5-6,36,3,6,2,8,60,,,,,,,,0,,2,0,2,0,5,10,,,-16,,,16,32
16,Lauren Stenslie,Jr,F,5-4,33,13,8,3,11,56,,2,,,,,1,0,,7,3,4,0.429,6,12,,,-27,,,10,37
26,Nicole Vallario,Jr,D,5-5,37,29,5,10,15,63,,,,,,,,0,,0,0,0,,1,2,,,-24,,,15,39
10,Isabel Lippai,Sr,D,5-4,26,1,,1,1,6,,,,,,,,0,,0,0,0,,,,,,-7,,,7,14
23,Brieja Parent,Sr,C,5-4,37,16,3,8,11,53,,,,,,,1,0,,591,300,291,0.508,12,27,,,-25,,,17,42
19,Rachel Golnitz,Jr,D,5-8,32,0,,7,7,16,,,,,,,,0,,0,0,0,,6,12,,,-14,,,16,30
3,Abby Garvin,Fr,F,5-5,7,0,,,0,1,,,,,,,,0,,9,3,6,0.333,,,,,-2,,,,2
18,Ellah Hause,Fr,D,5-6,37,20,5,6,11,36,,,1,,,,2,0,,0,0,0,,8,16,,,-18,,,20,38
27,Keara Parker,Fr,C,5-7,33,4,4,1,5,42,,,1,,,,2,0,,201,85,116,0.423,4,8,,,-14,,,10,24
29,Maddy Helmstetter,Fr,F,5-3,1,0,,,0,,,,,,,,,0,,1,1,0,1,,,,,,,,,
6,Rylee Bartz,Fr,F,5-8,37,20,10,13,23,133,,1,4,,1,,3,0,,13,6,7,0.462,7,14,,,-9,,,27,36
14,Allie Monrean,Sr,C,5-5,37,4,2,1,3,31,,,,,,,,0,,185,88,97,0.476,6,12,,,-18,,,10,28
7,Cara Sajevic,Fr,F,5-3,36,18,4,5,9,58,,,,,,,1,0,,29,13,16,0.448,17,56,2,,-27,,,15,42
15,Ella Boerger,Fr,C,5-7,37,20,11,13,24,93,,,2,,,,2,0,,785,398,387,0.507,7,14,,,-14,,,26,40
17,Maddie Brown,Fr,F,5-9,37,8,6,8,14,57,,,1,,,,,0,,0,0,0,,2,4,,,-14,,,21,35
5,Laine DeVries,Fr,D,5-6,2,0,,1,1,1,,,,,,,,0,,0,0,0,,,,,,0,,,1,1
5,Anna Wilgren,Sr,D,5-5,40,14,2,22,24,77,,,1,,,,1,0,,0,0,0,,5,10,,,30,,,50,20
9,Ava Murphy,Fr,D,5-9,37,0,2,9,11,43,,,,,,,,0,,0,0,0,,15,30,,,30,,,40,10
25,Chayla Edwards,Sr,D,5-9,39,9,1,18,19,53,,,,,,,,0,,0,0,0,,5,10,,,27,,,43,16
17,Britta Curl,Sr,F,5-8,41,22,22,40,62,167,1,,1,,,,4,0,,98,53,45,0.541,12,27,,,55,,,67,12
7,Kelly Gorbatenko,Fr,C,5-11,41,0,7,8,15,56,1,,3,,,,1,0,,190,120,70,0.632,6,12,,,15,,,25,10
11,Cassie Hall,Fr,C,5-6,41,17,19,5,24,116,,,3,,,,3,0,1,570,282,288,0.495,3,6,,,35,,,47,12
22,Laney Potter,Fr,D,5-11,41,3,4,12,16,48,,,1,,,,,0,,2,0,2,0,6,12,,,28,,,43,15
4,Caroline Harvey,So,D,5-8,32,24,5,30,35,92,1,,1,,1,,1,0,,0,0,0,,6,12,,,54,,,64,10
10,Laila Edwards,So,F,6-0,41,17,21,35,56,154,1,3,4,,1,,3,0,1,4,1,3,0.25,6,12,,,49,,,69,20
23,Sarah Wozniewicz,Jr,F,5-7,36,0,11,6,17,81,1,1,,,,,1,0,1,0,0,0,,2,4,,,16,,,24,8
3,Sophie Helgeson,Jr,D,5-8,31,0,3,1,4,23,,,,,,,1,0,1,0,0,0,,,,,,6,,,12,6
18,Marianne Picard,Jr,C,5-6,41,0,6,16,22,77,,,,,,,,0,,464,277,187,0.597,6,12,,,22,,,30,8
24,Katie Kotlowski,Sr,D,5-10,36,0,4,7,11,23,,,,,,,2,0,,0,0,0,,1,2,,,11,,,19,8
6,Lacey Eden,Sr,F,5-8,41,18,27,29,56,181,2,1,5,,1,,9,0,1,59,32,27,0.542,6,15,,,44,,,57,13
26,Casey O'Brien,Sr,C,5-4,41,24,23,50,73,165,,,6,,,,3,0,,858,508,350,0.592,6,12,,,53,,,75,22
28,Maddi Wheeler,Sr,F,5-4,39,4,10,14,24,57,,,1,,,,1,0,,93,43,50,0.462,14,28,,,20,,,34,14
20,Vivian Jungels,So,D,5-7,41,32,5,15,20,59,,,1,,,,,0,,0,0,0,,3,6,,,49,,,65,16
27,Kirsten Simms,So,F,5-5,39,21,33,42,75,142,,,8,,,,6,0,1,16,10,6,0.625,12,24,,,50,,1,72,22
12,Taylor Koeppl,Fr,,5-5,1,0,,,0,,,0,,,,,0,,,0,,,,,,,,,,,,
24,Alexis Poppleton,Fr,,5-3,7,0,,,0,4,,0,1,2,,,0,,,0,,,,,,,,,,,,
27,Kyra Anderson,Fr,,5-2,34,0,1,1,2,29,,0,2,4,,,0,,,0,,,,,,,,,,,,
17,Julianna Herman,Fr,,5-5,35,7,4,7,11,76,2,0,5,10,,,0,,,0,,,,,,,,,,,,
8,Hailey Tullo,Fr,,5-7,35,7,4,10,14,68,,0,3,9,,,0,,,0,,,,,,,,,,,,
19,Brenna Young,Fr,,5-3,17,3,1,3,4,28,,0,3,6,,,0,,,0,,,,,,,,,,,,